"Time (s)","Linear Acceleration x (m/s^2)","Linear Acceleration y (m/s^2)","Linear Acceleration z (m/s^2)","Absolute acceleration (m/s^2)"
9.338958422E-3,6.943498421E-1,-2.275392223E0,-2.680524454E0,3.583956308E0
1.936695841E-2,1.128007421E0,-2.894455948E0,-3.216110111E0,4.471424854E0
2.939395839E-2,1.064502566E0,-3.464084680E0,-3.135308023E0,4.791993821E0
3.942095838E-2,1.150953650E0,-4.060115930E0,-3.766560561E0,5.656519613E0
4.944895837E-2,1.334369110E0,-4.414032691E0,-4.256527997E0,6.275528352E0
5.947595835E-2,9.964941859E-1,-4.796239158E0,-4.970578862E0,6.978793946E0
6.950295845E-2,7.056943175E-1,-5.293820545E0,-5.502077317E0,7.667815545E0
7.953095844E-2,-7.968439311E-2,-5.685777537E0,-5.297373313E0,7.771523648E0
8.955795842E-2,-1.189425113E0,-6.099610716E0,-4.647666378E0,7.760205265E0
9.958495840E-2,-2.249643424E0,-6.970802579E0,-4.396202776E0,8.542808846E0
1.096119584E-1,-3.337622854E0,-8.162931737E0,-4.295570440E0,9.809439651E0
1.196399584E-1,-4.568483968E0,-9.135655822E0,-4.379608378E0,1.111360529E1
1.296669584E-1,-5.661281211E0,-9.638634481E0,-4.833530653E0,1.217852200E1
1.396939583E-1,-6.421375977E0,-1.007733587E1,-5.755431324E0,1.326317298E1
1.497219584E-1,-6.758140515E0,-1.066427938E1,-6.919941743E0,1.439739253E1
1.597489584E-1,-6.956851122E0,-1.132913002E1,-8.091284049E0,1.556328506E1
1.697759584E-1,-6.714299262E0,-1.166939821E1,-8.918628227E0,1.614926000E1
1.798039584E-1,-6.076884928E0,-1.179636231E1,-8.513595107E0,1.576591246E1
1.898309584E-1,-5.142343161E0,-1.212297725E1,-6.866379493E0,1.485117631E1
1.998579584E-1,-3.414292130E0,-1.232393319E1,-4.243185235E0,1.347372780E1
2.098859583E-1,-1.579085611E0,-1.174856834E1,-1.626020918E0,1.196521263E1
2.199129583E-1,-2.447644472E-1,-1.112850386E1,5.748096576E-1,1.114602682E1
2.299399584E-1,6.247691453E-1,-1.092428284E1,2.946766309E0,1.133197792E1
2.399669584E-1,1.354090015E0,-1.098808181E1,5.055809632E0,1.217097829E1
2.499949584E-1,3.708617578E0,-1.144199531E1,7.287225823E0,1.406331260E1
2.600219584E-1,7.279733201E0,-1.030074395E1,8.717203926E0,1.533262814E1
2.700489584E-1,1.299971578E1,-8.162722991E0,8.907323220E0,1.774719876E1
2.800769584E-1,1.878578008E1,-4.675934157E0,8.704273978E0,2.122579278E1
2.901049583E-1,2.242162555E1,-1.101961584E0,7.567564731E0,2.368990603E1
3.001319584E-1,2.294012155E1,6.954929727E-1,5.725441539E0,2.365403915E1
3.101599584E-1,2.153458189E1,7.138590771E-1,3.457691334E0,2.182208609E1
3.201869584E-1,2.059792343E1,1.897316229E-1,3.462388403E0,2.088776152E1
3.302139584E-1,2.078391400E1,5.793187380E-2,4.997439217E0,2.137636162E1
3.402419584E-1,2.176207834E1,1.619176460E0,5.604149237E0,2.253034120E1
3.502689584E-1,2.321633233E1,4.614701530E0,4.505298664E0,2.409546167E1
3.602959584E-1,2.313366439E1,6.744622337E0,1.613333045E0,2.415075987E1
3.703239583E-1,2.131143811E1,7.251370697E0,-1.702999512E0,2.257565012E1
3.803509584E-1,1.971435535E1,7.781702047E0,-3.790859250E0,2.153093838E1
3.903779584E-1,1.751020882E1,8.176579723E0,-6.812312629E0,2.049076553E1
4.004059584E-1,1.340007581E1,7.305145785E0,-7.222147483E0,1.688450772E1
4.104329584E-1,9.192883691E0,5.335923421E0,-7.916151170E0,1.325317466E1
4.204599584E-1,5.582430924E0,3.232394607E0,-1.021064537E1,1.207763175E1
4.304879584E-1,4.173979930E0,2.659508976E0,-9.463869976E0,1.067988443E1
4.405149583E-1,3.906497295E0,3.413284070E0,-5.673743967E0,7.687821529E0
4.505419584E-1,2.852067727E0,2.808307750E0,-4.935106144E0,6.354223430E0
4.605689584E-1,9.711710644E-1,2.062222329E0,-7.123264049E0,7.479092518E0
4.705969584E-1,-7.738281208E-1,2.261665007E0,-6.536918128E0,6.960261286E0
4.806239584E-1,-2.919297259E0,3.217799372E0,-3.842353340E0,5.800017972E0
4.906509584E-1,-2.459425442E0,2.561917192E0,-1.718286473E0,3.945212492E0
5.006789584E-1,-7.778685468E-1,2.234728054E0,2.069707203E0,3.143688417E0
5.107059584E-1,1.366068621E0,2.448875311E0,5.281066598E0,5.979364363E0
5.207329583E-1,2.047203755E-1,2.409762701E0,5.616817229E0,6.115349744E0
5.307609584E-1,-2.235029186E0,6.135015607E-1,3.115012338E0,3.882659075E0
5.407879584E-1,-4.109278150E0,1.523744638E0,3.167534952E0,5.407517203E0
5.508149584E-1,-5.296285146E0,2.733631790E-1,3.280355809E0,6.235871873E0
5.608419584E-1,-4.760672007E0,-4.085724396E-1,3.761101601E0,6.080856407E0
5.708699584E-1,-3.827939368E0,-1.134378548E0,4.188842382E0,5.786737855E0
5.808969584E-1,-4.685875009E0,-2.097338952E0,2.000419014E0,5.509803218E0
5.909239583E-1,-5.286641334E0,-2.150264440E0,-4.015446345E-1,5.721315569E0
6.009519583E-1,-6.132424121E0,-1.221502353E0,-1.522282834E0,6.435529397E0
6.109789584E-1,-6.056264137E0,2.596843196E0,-2.442068567E0,7.027490930E0
6.210059584E-1,-2.641156905E0,6.175183640E0,-5.942022407E0,8.967509859E0
6.310339584E-1,-1.521059597E0,9.344218987E-1,3.880785334E-1,1.826847429E0
6.410609584E-1,2.159435797E0,-5.663271019E0,1.959470085E0,6.369876342E0
6.510879584E-1,2.684666036E0,-7.010619194E0,-2.417988856E-1,7.510970637E0
6.611159584E-1,1.507976452E0,-5.208330744E0,-3.457363598E-1,5.433252778E0
6.711429583E-1,5.024377339E0,-4.810145883E0,1.277287860E0,7.072010700E0
6.811699584E-1,4.958102074E0,-4.655798686E0,1.771479325E0,7.028326726E0
6.911969584E-1,3.516317273E0,-3.567646471E0,6.127927320E-1,5.046593250E0
7.012249584E-1,3.011327755E0,-1.303171876E0,-2.542872226E0,4.151210781E0
7.112519584E-1,1.998128659E0,2.441779715E-1,-3.882324321E0,4.373166262E0
7.212789584E-1,1.560111980E0,1.246871960E-1,-2.253993899E0,2.744081775E0
7.313069584E-1,9.677124363E-1,8.475077158E-1,9.743800163E-3,1.286402592E0
7.413339583E-1,5.755981547E-1,2.989163885E0,-4.640549147E-1,3.079246812E0
7.513613751E-1,5.088165200E-1,4.173243765E0,-1.502211682E0,4.464470597E0
7.613893751E-1,5.353400749E-1,4.416187389E0,-1.155407328E0,4.596114244E0
7.714163751E-1,5.917528421E-1,5.309082947E0,6.207309119E-1,5.377902940E0
7.814433750E-1,-7.709980685E-1,5.893347845E0,8.710690713E-1,6.007058196E0
7.914703750E-1,-1.578290974E0,6.035438109E0,9.027188802E-1,6.303365525E0
8.014983750E-1,-1.248840718E0,5.871981534E0,1.342409617E0,6.151571657E0
8.115253750E-1,-1.838530077E0,5.058766569E0,1.371264457E0,5.554428706E0
8.215523751E-1,-2.391635163E0,3.553103861E0,1.013717744E0,4.401373588E0
8.315803751E-1,-3.095984328E0,1.527537727E0,4.683422394E-1,3.483939569E0
8.416073751E-1,-3.018981761E0,1.178373583E0,1.944942970E0,3.779632036E0
8.516343751E-1,-1.306194302E0,1.528017783E0,1.414780897E0,2.458167384E0
8.616623750E-1,1.785906306E-1,2.608531780E0,1.981333702E0,3.280551158E0
8.716893750E-1,1.380548081E-1,3.613688616E0,3.065496361E0,4.740788171E0
8.817163750E-1,-2.293277979E-2,3.991567267E0,2.651524018E0,4.792047034E0
8.917443751E-1,-7.385217556E-1,5.438125734E0,1.991307882E0,5.838144651E0
9.017713751E-1,-1.321789411E0,6.421411645E0,1.588496704E0,6.745737657E0
9.117983751E-1,-1.737574975E0,6.492441282E0,9.747472215E-1,6.791251191E0
9.218253751E-1,-2.018010947E0,6.516513099E0,2.166089344E-1,6.825264140E0
9.318533750E-1,-2.218247531E0,6.898447378E0,-4.547374497E-1,7.260577421E0
9.418803750E-1,-2.450942009E0,6.802598065E0,-8.034133510E-1,7.275158430E0
9.519073750E-1,-4.250588103E0,5.452873582E0,-7.357329846E0,1.009611965E1
9.619353750E-1,-7.626403508E0,3.761834257E0,-1.028342215E1,1.334399485E1
9.719623751E-1,-7.143779590E0,4.461106870E0,-4.828043625E0,9.707989832E0
9.819893751E-1,-5.448844850E0,4.895612880E0,-2.161223876E0,7.637265500E0
9.920173751E-1,-5.804203534E0,-8.625467545E0,9.455225453E-2,1.039694230E1
1.002044375E0,-1.744763776E1,-4.495032064E1,3.850271347E0,4.837123090E1
1.012071375E0,-9.558339931E0,-5.456506106E1,2.226086893E0,5.544062782E1
1.022099375E0,9.410806494E0,-3.554239156E1,-1.355200401E0,3.679213836E1
1.032126375E0,6.867203366E0,-1.471185186E1,-2.456700640E0,1.642048858E1
1.042153375E0,1.959213685E0,1.252771801E-1,-2.867837814E-1,1.984050799E0
1.052180375E0,7.642835645E-1,7.021279253E0,-4.202031362E0,8.218245511E0
1.062208375E0,8.232749538E-1,5.733171558E0,-1.194054412E1,1.327115789E1
1.072235375E0,2.273703401E0,2.020341647E0,-1.212629262E1,1.250193906E1
1.082262375E0,2.805589380E0,3.086090255E-1,-7.435059807E0,7.952778485E0
1.092290375E0,5.822917548E-1,-1.515259743E0,-3.372604991E0,3.742932033E0
1.102317375E0,-1.773895394E0,-3.995100739E0,8.373728831E-1,4.450699735E0
1.112344375E0,-2.432100380E0,-4.758951756E0,2.669536074E-1,5.351074500E0
1.122372375E0,-1.293386999E0,-3.256727795E0,-1.591049306E-1,3.507768556E0
1.132399375E0,8.586580637E-1,-2.748485472E0,2.966679586E0,4.134326284E0
1.142426375E0,1.568114480E0,-2.540979483E0,4.386076568E0,5.305961497E0
1.152453375E0,1.035661760E0,-1.985722037E0,3.599326100E0,4.239202244E0
1.162481375E0,3.396549632E-1,-1.397210891E0,1.801899318E0,2.305299312E0
1.172508375E0,2.355992290E-1,-6.744546908E-1,-1.671666330E-1,7.337171184E-1
1.182535375E0,1.068866928E0,1.815595543E-1,1.758123261E-1,1.098339818E0
1.192563375E0,1.242549698E0,7.759261018E-1,7.247787523E-1,1.634409774E0
1.202590375E0,6.404597099E-1,5.344015968E-1,1.340705446E0,1.579007536E0
1.212617375E0,6.210579175E-1,6.202901781E-2,1.431076210E0,1.561262199E0
1.222645375E0,2.914532948E-1,3.473181778E-1,1.217651669E0,1.299326952E0
1.232672375E0,9.513846713E-1,8.902263039E-1,1.792642006E0,2.216122972E0
1.242699375E0,1.150798114E0,1.288065594E0,2.408150623E0,2.963551704E0
1.252727375E0,-2.628826296E-1,2.041890975E0,2.712792313E0,3.405534931E0
1.262754375E0,-1.760266265E-1,2.319125596E0,2.718944169E0,3.577986346E0
1.272781375E0,4.171505973E-1,2.558295427E0,2.792947115E0,3.810438780E0
1.282808375E0,2.313848484E-1,3.120670688E0,3.051267162E0,4.370624187E0
1.292836375E0,1.709418878E-1,3.736023477E0,3.251785728E0,4.955926046E0
1.302863375E0,1.086535752E0,3.657607053E0,3.088354881E0,4.908827270E0
1.312890375E0,1.321236556E0,3.196604385E0,2.956037069E0,4.549956130E0
1.322918375E0,1.364997411E0,2.733162258E0,2.709696212E0,4.083607159E0
1.332945375E0,1.096530983E0,2.670499987E0,2.570466991E0,3.865391433E0
1.342972375E0,7.915957627E-1,3.000587005E0,2.423986638E0,3.937747763E0
1.353000375E0,4.594037470E-1,3.356619288E0,2.271550895E0,4.078956768E0
1.363027375E0,2.879168987E-1,3.493071667E0,2.193277727E0,4.134599497E0
1.373054375E0,2.350109991E-1,3.488247129E0,2.435624351E0,4.260911192E0
1.383082375E0,2.506949857E-1,3.554024797E0,2.979453998E0,4.644468362E0
1.393109375E0,5.456846765E-1,3.706627770E0,3.116308665E0,4.873216688E0
1.403136375E0,5.513605687E-1,3.859368153E0,3.139332077E0,5.005409764E0
1.413163375E0,3.625270781E-1,4.042157961E0,2.490581161E0,4.761665821E0
1.423191375E0,1.647540718E-1,4.231649848E0,2.055714962E0,4.707437557E0
1.433218375E0,-1.903654611E-1,4.638747035E0,2.042855766E0,5.072225621E0
1.443245375E0,-8.344967839E-1,5.250813105E0,1.822643777E0,5.620449580E0
1.453273375E0,-1.531887470E0,5.960811850E0,1.465115191E0,6.326493472E0
1.463300375E0,-2.017297586E0,6.548525435E0,1.335004410E0,6.981039443E0
1.473327375E0,-2.750553924E0,6.938906018E0,-7.300681436E-1,7.499797538E0
1.483355375E0,-7.184056381E0,5.798683763E0,-1.201936810E1,1.515587704E1
1.493382375E0,-1.634983121E1,-2.287608519E0,-3.596356650E1,3.957181129E1
1.503409375E0,-1.173313519E1,-2.880086766E1,-2.562321235E1,4.029522863E1
1.513436375E0,-2.671352803E0,-4.406924815E1,1.106746945E0,4.416400851E1
1.523464375E0,1.251502019E1,-1.926529737E1,1.506230824E1,2.747090357E1
1.533491375E0,6.064395275E0,5.861938941E0,2.059261182E1,2.225297463E1
1.543518375E0,1.580329606E0,1.567884801E1,5.726142620E0,1.676640766E1
1.553546375E0,1.941518256E-1,1.709108274E1,5.990905130E0,1.811170197E1
1.563573375E0,-3.225139382E0,1.451752082E1,1.559724310E0,1.495301557E1
1.573600375E0,-3.094890314E0,8.169798707E0,-8.457895115E-1,8.777204388E0
1.583628375E0,-3.218941626E0,-1.916138417E-1,9.083793358E0,9.639170235E0
1.593655375E0,-2.604203671E0,-4.629597312E0,5.522032109E0,7.662107194E0
1.603682375E0,-5.468601130E-1,-7.701303416E0,4.028830695E0,8.708651277E0
1.613709375E0,8.620871633E-2,-8.494522659E0,3.913501675E0,9.353065941E0
1.623737375E0,1.430066688E-1,-8.464290215E0,3.336364826E0,9.099230187E0
1.633764375E0,1.264739297E0,-8.055886760E0,2.763754306E0,8.610180883E0
1.643791375E0,2.094746735E0,-6.733858783E0,1.320409760E0,7.174698595E0
1.653819375E0,1.873715113E0,-4.672504181E0,5.048415828E-1,5.059443513E0
1.663846375E0,1.701021545E0,-2.025398903E0,5.541302486E-1,2.702364770E0
1.673873375E0,2.626229840E0,3.125231516E-1,5.475031605E-1,2.700835723E0
1.683901375E0,2.599234123E0,1.451499950E0,-8.215337992E-3,2.977068629E0
1.693928375E0,2.263726882E0,1.037807103E0,-3.614523599E-1,2.516376520E0
1.703955375E0,2.914324494E0,2.221532643E-2,-9.463586971E-2,2.915945254E0
1.713983375E0,3.687666419E0,-6.076344645E-1,-4.904423757E-1,3.769434571E0
1.724010375E0,3.341190240E0,-4.542035258E-1,-5.560493048E-1,3.417461616E0
1.734037375E0,2.070515727E0,1.823009813E-1,3.341846006E-1,2.105219317E0
1.744063708E0,8.911818852E-1,1.292314181E0,7.185175538E-1,1.726426532E0
1.754091708E0,7.273483112E-1,2.838985167E0,3.766565824E-1,2.954782991E0
1.764118708E0,7.637596540E-1,3.726874924E0,1.513691374E-1,3.807340032E0
1.774145708E0,3.318183786E-1,3.458659633E0,-7.659583533E-1,3.557966005E0
1.784173708E0,1.398412786E-1,2.502948607E0,-1.765102497E0,3.065924679E0
1.794200708E0,1.094879436E-1,1.345239669E0,-1.851106853E0,2.290906799E0
1.804227708E0,2.354488094E-1,6.608622533E-1,-1.861252357E0,1.989079032E0
1.814255708E0,3.186353923E-1,9.393493474E-2,-2.460434087E0,2.482758180E0
1.824282708E0,3.384768954E-1,-4.571364892E-1,-2.803750430E0,2.860866452E0
1.834309708E0,6.873138875E-1,-5.448575878E-1,-3.129176633E0,3.249771772E0
1.844337708E0,1.107977346E0,-4.041648084E-1,-3.269516240E0,3.475730058E0
1.854364708E0,1.864968263E0,-8.370230734E-2,-3.097851929E0,3.616877005E0
1.864391708E0,2.413388267E0,4.231787843E-1,-2.353978509E0,3.397754852E0
1.874418708E0,2.884775882E0,8.947181350E-1,-1.624035496E0,3.429277435E0
1.884446708E0,3.065547232E0,1.263315500E0,-1.502557106E0,3.640223034E0
1.894473708E0,2.260663818E0,8.647113937E-1,-1.974153321E0,3.123396873E0
1.904500708E0,1.939319118E0,5.894671655E-1,-2.480521027E0,3.203344307E0
1.914528708E0,1.461960326E0,3.473748958E-1,-1.952350515E0,2.463669996E0
1.924555708E0,8.446176564E-1,1.304578131E-1,-1.245627819E0,1.510624669E0
1.934582708E0,1.005639231E0,-1.848708326E-1,-1.319047067E0,1.668943574E0
1.944610708E0,1.136515997E0,-3.691265380E-1,-1.181627120E0,1.680525413E0
1.954637708E0,8.650136948E-1,-5.897577721E-1,-1.581533986E0,1.896658290E0
1.964664708E0,6.987927027E-1,-1.496866742E0,-2.895673338E0,3.333743446E0
1.974691708E0,4.082618062E-1,-2.356346632E0,-3.662990000E0,4.374533448E0
1.984719708E0,6.018827046E-1,-2.702354448E0,-4.379827648E0,5.181493278E0
1.994746708E0,2.966141935E-1,-3.082871363E0,-6.682714942E0,7.365511171E0
2.004773708E0,3.214477569E-1,-2.964452966E0,-1.017774426E1,1.060555459E1
2.014801708E0,1.116524952E0,-2.345871345E0,-1.231303281E1,1.258413752E1
2.024828708E0,1.656942603E0,-2.112919443E0,-1.162956697E1,1.193552325E1
2.034855708E0,2.591813129E0,-2.528773420E0,-9.026402351E0,9.725642894E0
2.044883708E0,3.496975268E0,-3.781615387E0,-5.242797157E0,7.349583185E0
2.054910708E0,4.052109045E0,-4.792971441E0,-2.815440769E0,6.878871250E0
2.064937708E0,5.678866128E0,-4.206005715E0,-2.395234270E0,7.461712389E0
2.074965708E0,7.094211574E0,-4.631521631E0,-2.145627451E0,8.739710958E0
2.084992708E0,6.628663280E0,-6.388646187E0,-1.722911913E0,9.366023833E0
2.095019708E0,1.671494276E0,-5.433119348E0,-2.142897533E0,6.074922946E0
2.105046708E0,-4.507088789E0,-4.132435462E0,-6.517812350E0,8.937155590E0
2.115074708E0,-7.557000566E0,-4.238564181E0,-7.220734795E0,1.127886053E1
2.125101708E0,-6.444766009E0,-5.122225231E0,-1.986706123E0,8.468718997E0
2.135128708E0,-5.024338163E0,-5.870435531E0,2.703139729E0,8.186143884E0
2.145156708E0,-4.586040526E0,-6.076417150E0,4.339499402E0,8.762754598E0
2.155183708E0,-3.838896466E0,-6.717959619E0,3.547241442E0,8.511817042E0
2.165210708E0,-1.330833445E0,-6.218538989E0,2.815464742E0,6.954724045E0
2.175238708E0,-8.577032134E-2,-5.263069453E0,3.031137830E0,6.074129827E0
2.185265708E0,6.449664514E-1,-4.214385944E0,2.711629594E0,5.052718641E0
2.195292708E0,1.039187558E0,-3.443957394E0,1.099356211E0,3.761560500E0
2.205320708E0,7.357892056E-1,-2.902137435E0,1.007289608E0,3.158863688E0
2.215347708E0,-1.010819426E0,-2.476914464E0,1.400824471E0,3.019796412E0
2.225374708E0,-1.457208148E0,-1.980927905E0,1.207727190E0,2.739732818E0
2.235401708E0,1.803425295E-1,-1.429839524E0,1.592676001E0,2.147924891E0
2.245429708E0,7.699944670E-1,-7.471098536E-1,2.488883422E0,2.710277717E0
2.255456708E0,-1.797134422E-1,-4.731900197E-1,3.821444866E0,3.854821213E0
2.265483708E0,-3.516014095E-1,3.031079650E-1,4.923403527E0,4.945240164E0
2.275511708E0,1.717069960E0,7.585727352E-1,4.652914254E0,5.017307335E0
2.285538708E0,2.670308783E0,5.331514621E-1,3.632049458E0,4.539447405E0
2.295565708E0,3.236215762E0,-2.298780209E-1,3.591011360E0,4.839555656E0
2.305593708E0,2.935884055E0,-9.939828068E-1,5.220719240E0,6.071517635E0
2.315620708E0,1.999291963E0,-5.832591766E-1,5.285715719E0,5.681210284E0
2.325647708E0,1.610268373E0,1.672783148E-1,5.960020722E0,6.175985206E0
2.335674708E0,7.270759772E-1,9.288307911E-1,8.069161693E0,8.154921002E0
2.345702708E0,-7.406317234E-2,1.879303882E0,7.670742359E0,7.897946364E0
2.355729708E0,-8.735408355E-1,2.572745066E0,6.621213343E0,7.156993565E0
2.365756708E0,-1.630322569E0,3.664217330E0,6.531389585E0,7.664430196E0
2.375784708E0,-1.894062839E0,4.841852995E0,6.017397110E0,7.952363324E0
2.385811708E0,-1.781555393E0,5.326038703E0,5.404572657E0,7.794230782E0
2.395838708E0,-1.350375717E0,5.116193828E0,5.019977894E0,7.293773504E0
2.405866708E0,-5.598065794E-1,4.306728682E0,4.546276243E0,6.287282642E0
2.415893708E0,-1.627040380E-1,3.489208412E0,4.550064070E0,5.736212250E0
2.425920708E0,-4.550478637E-2,3.046712766E0,4.697378821E0,5.599097887E0
2.435948708E0,2.724325946E-1,2.920611713E0,4.644657986E0,5.493363278E0
2.445975708E0,5.889464709E-1,2.889236723E0,4.695677281E0,5.544721085E0
2.456002708E0,7.724803376E-1,3.171505796E0,4.522374580E0,5.577369158E0
2.466029708E0,9.747790888E-1,3.699402366E0,4.064189685E0,5.581523979E0
2.476057708E0,8.869191188E-1,4.408393051E0,3.287735580E0,5.570436254E0
2.486084708E0,4.579627007E-1,5.380441198E0,2.435839528E0,5.923866265E0
2.496111708E0,-4.221847576E-1,6.330495628E0,1.783354581E0,6.590430063E0
2.506139708E0,-1.111642527E0,6.991095926E0,8.764128417E-1,7.132970687E0
2.516166708E0,-1.750374238E0,7.036731105E0,-2.784830010E-1,7.256510690E0
2.526193708E0,-1.748229772E0,6.615632175E0,-9.440142560E-1,6.907536415E0
2.536221708E0,-1.103777145E0,5.741298019E0,-8.110947651E-1,5.902431841E0
2.546248708E0,-1.028572011E0,4.617994682E0,-2.243925140E0,5.236318869E0
2.556275708E0,-3.291621054E0,2.651709960E0,-9.546696371E0,1.044058171E1
2.566302708E0,-6.948759161E0,-3.930403052E0,-2.037767051E1,2.188567517E1
2.576330708E0,-1.046371637E1,-2.123580086E1,-2.984473833E1,3.809405471E1
2.586357708E0,-1.032895208E1,-4.148672946E1,-1.818223750E1,4.645890370E1
2.596384708E0,2.591019077E0,-2.915052414E1,1.322158604E1,3.211349833E1
2.606412708E0,3.235468488E0,5.217008597E-1,2.543905780E1,2.564929024E1
2.616439708E0,-1.831104406E0,1.202586318E1,1.607510446E1,2.015895116E1
2.626466708E0,-3.850135691E0,1.492824912E1,6.448700600E0,1.671113121E1
2.636494708E0,-3.753450226E0,1.401403930E1,5.919490162E0,1.566914324E1
2.646521708E0,1.796904919E-1,1.122663768E1,4.683189383E0,1.216560500E1
2.656548708E0,1.446734177E-1,4.697333212E0,1.033876137E1,1.135675378E1
2.666575708E0,-1.494038151E0,-9.789414293E-1,1.274250027E1,1.286708162E1
2.676603708E0,-1.742250117E0,-4.730294552E0,1.206269362E1,1.307362610E1
2.686630708E0,-6.980430897E-1,-6.633144001E0,1.061286013E1,1.253469839E1
2.696657708E0,1.128803666E0,-9.792843100E0,8.527615560E0,1.303434697E1
2.706685708E0,5.369160165E0,-1.263177038E1,-2.897767518E0,1.402806332E1
2.716712708E0,5.504712072E0,-1.334816422E1,-5.561095018E0,1.547259257E1
2.726739708E0,1.729465472E0,-9.924139988E0,7.656825109E-1,1.010276571E1
2.736767708E0,2.809747919E0,-5.251619436E0,4.391518571E0,7.399974691E0
2.746795583E0,3.949302422E0,-1.970445017E0,3.721494316E0,5.773141530E0
2.756822583E0,2.464020477E0,-1.442350227E-1,2.837583590E-1,2.484495816E0
2.766850583E0,1.017659718E0,9.721756160E-1,-1.019104053E0,1.737621881E0
2.776877583E0,2.084610587E-1,1.773091548E0,-1.029508443E0,2.060872942E0
2.786904583E0,3.733495434E-1,2.005303193E0,-9.456735496E-1,2.248316979E0
2.796931583E0,8.368098693E-1,1.874132604E0,-1.394279097E0,2.481257338E0
2.806959583E0,1.111708454E0,2.185369953E0,-8.714187348E-1,2.602135302E0
2.816986583E0,8.568524435E-1,2.604676126E0,-8.242352128E-2,2.743233032E0
2.827013583E0,8.023594634E-1,3.230586063E0,2.121872699E-1,3.335489538E0
2.837041583E0,8.004939093E-1,3.581175758E0,-3.803403282E-1,3.689209817E0
2.847068583E0,6.578464787E-1,3.309664392E0,-1.158436332E0,3.567718475E0
2.857095583E0,7.695754409E-2,2.590736949E0,-2.021597044E0,3.287049590E0
2.867123583E0,-3.826252739E-1,1.448043076E0,-2.641917627E0,3.036932597E0
2.877150583E0,5.959305315E-1,2.066903025E-1,-3.041348530E0,3.106067443E0
2.887177583E0,1.672407757E0,1.359436709E-1,-3.167428533E0,3.584415140E0
2.897205583E0,1.102318118E0,1.020222187E-1,-3.329341443E0,3.508564978E0
2.907232583E0,2.546172979E-1,2.481377059E-1,-3.305646771E0,3.324710944E0
2.917259583E0,-2.147946165E-1,2.471191210E-1,-3.676857256E0,3.691406760E0
2.927286583E0,8.705790746E-1,5.144000262E-1,-3.729009157E0,3.863680190E0
2.937314583E0,2.130404518E0,9.361520898E-1,-3.310906926E0,4.046864072E0
2.947341583E0,3.376830774E0,1.129659845E0,-2.410273601E0,4.299829796E0
2.957368583E0,4.034787546E0,9.549210674E-1,-4.933763623E-1,4.175500571E0
2.967396583E0,3.199212243E0,2.474635220E-1,9.772900294E-1,3.354294706E0
2.977423583E0,2.938507409E0,-2.754599905E-1,1.705295275E0,3.408626699E0
2.987450583E0,1.034005682E0,-1.121198924E0,-9.576218963E-2,1.528209794E0
2.997478583E0,-6.773818801E-1,-1.759216105E0,-4.154582961E0,4.562263374E0
3.007505583E0,-1.827070996E0,-2.246887924E0,-5.834098009E0,6.513324293E0
3.017532583E0,-1.692664266E0,-2.238091373E0,-6.568212426E0,7.142519148E0
3.027559583E0,-1.828406793E-1,-1.996099091E0,-7.269523378E0,7.540809800E0
3.037587583E0,1.229314818E0,-1.923567304E0,-8.259344721E0,8.569019858E0
3.047614583E0,2.180112721E0,-1.951097749E0,-7.657224181E0,8.197118766E0
3.057641583E0,2.536674762E0,-1.893821933E0,-6.751458317E0,7.456773416E0
3.067669583E0,3.242717866E0,-1.677822279E0,-7.446260734E0,8.293196348E0
3.077696583E0,3.596557151E0,-1.555044199E0,-8.697536817E0,9.539419924E0
3.087723583E0,4.175661881E0,-1.833602629E0,-8.899930585E0,1.000035075E1
3.097751583E0,4.931894268E0,-2.724519489E0,-7.235683787E0,9.170698304E0
3.107778583E0,5.776573686E0,-3.917138643E0,-4.145319217E0,8.117662848E0
3.117805583E0,6.981762015E0,-5.033321241E0,-1.103845557E0,8.677430412E0
3.127832583E0,7.665826020E0,-6.209318515E0,-4.314965947E-1,9.874548815E0
3.137860583E0,6.603902076E0,-6.779150730E0,-2.133024655E0,9.701453573E0
3.147887583E0,-1.980282372E-1,-6.507840509E0,-5.195879683E0,8.329968124E0
3.157914583E0,-5.396264348E0,-5.893003444E0,-4.940804256E0,9.394610434E0
3.167942583E0,-7.032518771E0,-4.999647710E0,-1.471983916E0,8.753258487E0
3.177969583E0,-8.320263938E0,-5.054974065E0,1.034281232E0,9.790265188E0
3.187996583E0,-9.630070649E0,-7.317535450E0,1.721599213E0,1.221672991E1
3.198024583E0,-9.943248689E0,-9.476837347E0,1.607564474E0,1.382978323E1
3.208051583E0,-8.868364976E0,-9.850132949E0,1.269009519E0,1.331478132E1
3.218078583E0,-6.777228166E0,-9.005608483E0,1.270516931E0,1.134222284E1
3.228106583E0,-4.115771775E0,-7.128552856E0,1.645783484E0,8.394310359E0
3.238133583E0,-1.228658176E0,-4.369271085E0,2.510291541E0,5.186684331E0
3.248160583E0,-1.868924343E-1,-3.761709126E0,3.005588713E0,4.818604346E0
3.258187583E0,1.667698263E-1,-4.789035680E0,2.292157360E0,5.311935644E0
3.268215583E0,-8.016303156E-1,-4.276451215E0,1.673207656E0,4.661573770E0
3.278242583E0,-6.548280729E-1,-2.591909316E0,2.042687366E0,3.364426456E0
3.288269583E0,5.346208674E-1,-1.561980166E0,1.346722523E0,2.130554638E0
3.298297583E0,8.230126331E-1,-1.672256314E0,1.992935162E0,2.728659293E0
3.308324583E0,6.187049248E-1,-1.226332446E0,6.078354333E0,6.231619248E0
3.318351583E0,2.524653472E0,-1.287141734E-1,4.286741729E0,4.976604982E0
3.328379583E0,3.654419151E0,-5.021354914E-2,2.736223860E0,4.565547256E0
3.338406583E0,3.228821666E0,-3.308974421E-1,4.238214517E0,5.338281068E0
3.348433583E0,3.055403775E0,-5.189772266E-1,6.141641087E0,6.879286651E0
3.358460583E0,3.024686889E0,-8.026800370E-1,6.393837930E0,7.118580581E0
3.368488583E0,3.017591878E0,-1.172001287E0,6.531669667E0,7.289866692E0
3.378515583E0,2.588093423E0,-4.648051125E-1,7.978411152E0,8.400554498E0
3.388542583E0,1.937910524E0,1.138473353E0,9.829111040E0,1.008280926E1
3.398570583E0,7.576155460E-1,2.641739872E0,9.478907261E0,9.869268146E0
3.408597583E0,-9.820534636E-1,4.026562268E0,9.064170102E0,9.966785456E0
3.418624583E0,-2.434965077E0,5.130127158E0,8.570565113E0,1.028114030E1
3.428652583E0,-2.831915883E0,6.057809556E0,7.750509490E0,1.023656200E1
3.438679583E0,-1.917938774E0,5.910750328E0,7.071743647E0,9.414086084E0
3.448706583E0,-9.649350089E-1,5.092233108E0,6.821949425E0,8.567434363E0
3.458734583E0,-5.770149350E-2,4.659461381E0,6.498120682E0,7.996216745E0
3.468761583E0,5.445871541E-1,4.129565064E0,6.254999887E0,7.514978801E0
3.478788583E0,9.112555227E-1,3.493476294E0,5.885991463E0,6.905045890E0
3.488815583E0,1.168630660E0,3.106140942E0,5.494042073E0,6.418590770E0
3.498843583E0,1.623272434E0,3.064007660E0,5.131096627E0,6.192843364E0
3.508870583E0,1.783241437E0,3.227523876E0,4.619981566E0,5.911098888E0
3.518897583E0,1.446859892E0,3.686914467E0,4.002326143E0,5.630750962E0
3.528925583E0,1.071380939E0,4.449203108E0,3.305236296E0,5.645161856E0
3.538952583E0,5.739653197E-1,5.289197736E0,2.677294452E0,5.955917600E0
3.548979583E0,-5.811255276E-2,6.197742198E0,2.087689292E0,6.540170640E0
3.559007583E0,-7.402425912E-1,6.899156061E0,1.621880212E0,7.125784790E0
3.569034583E0,-1.291677127E0,7.143069738E0,9.127170342E-1,7.316073227E0
3.579061583E0,-1.462826299E0,6.936877034E0,-1.016830802E-1,7.090166656E0
3.589088583E0,-1.140823056E0,6.382296111E0,-1.151564099E0,6.584928304E0
3.599116583E0,-3.350287923E-1,5.360991020E0,-2.090704701E0,5.763984312E0
3.609143583E0,-9.503538072E-2,3.964808654E0,-3.075247178E0,5.018554034E0
3.619170583E0,-1.159615861E0,2.234564332E0,-6.995332233E0,7.434558478E0
3.629198583E0,-4.391685802E0,-1.197413287E0,-1.718318106E1,1.777589419E1
3.639225583E0,-1.073459682E1,-1.129679024E1,-2.829860821E1,3.230573115E1
3.649252583E0,-1.822346271E1,-3.206462440E1,-2.658835143E1,4.546619802E1
3.659280583E0,-1.203432293E1,-4.379163639E1,-6.417391099E0,4.586627578E1
3.669307583E0,4.992003061E0,-1.832839684E1,2.251853497E1,2.946073051E1
3.679334583E0,-1.117411828E0,5.214365070E0,1.965024648E1,2.036100191E1
3.689362583E0,-3.681885862E0,1.363234826E1,1.101790378E1,1.791065064E1
3.699389583E0,-1.242703334E0,1.585240507E1,7.079663116E0,1.740588084E1
3.709416583E0,1.774122120E0,1.534089298E1,5.600124598E0,1.642716964E1
3.719443583E0,5.958233228E0,1.137509147E1,5.992569247E0,1.417053758E1
3.729471583E0,2.064372935E0,3.756478207E0,1.324942814E1,1.392552011E1
3.739498583E0,3.823405145E-1,-2.398827238E0,1.615189244E1,1.633352949E1
3.749524500E0,-1.141758611E0,-6.362003349E0,1.469457217E1,1.605332210E1
3.759552500E0,1.141861814E-1,-8.742878466E0,1.297150180E1,1.564323564E1
3.769579500E0,4.015464252E-1,-1.113305416E1,1.078889290E1,1.550826697E1
3.779606500E0,2.702020572E0,-1.285973928E1,8.297950378E-1,1.316671445E1
3.789634500E0,7.098849000E0,-1.397778305E1,-1.544025121E1,2.200394132E1
3.799661500E0,2.145222970E0,-1.074003473E1,-3.459036194E0,1.148543682E1
3.809688500E0,1.025986957E0,-5.702430992E0,4.722374791E0,7.474703480E0
3.819715500E0,3.790872699E0,-1.457854119E0,3.622912599E0,5.442568341E0
3.829743500E0,4.078307787E0,4.603144509E-1,6.416583891E-1,4.154059375E0
3.839770500E0,3.237456834E0,3.456932366E-1,-2.237180961E0,3.950393553E0
3.849797500E0,2.396494199E0,-6.339258850E-1,-2.753456190E0,3.704938253E0
3.859825500E0,1.897056028E0,-1.102595422E0,-1.356121045E0,2.579457797E0
3.869852500E0,1.216069559E0,-2.136718780E-1,7.546874066E-1,1.447077719E0
3.879879500E0,6.103689880E-1,1.640743330E0,2.399989665E0,2.970612625E0
3.889907500E0,4.690271676E-1,3.360064468E0,1.863499442E0,3.870742808E0
3.899934500E0,5.951738287E-1,4.745044738E0,5.329374905E-1,4.811829571E0
3.909961500E0,6.183281448E-1,5.334625924E0,-8.232201362E-1,5.433070480E0
3.919988500E0,3.990691061E-1,4.624099760E0,-2.353166331E0,5.203743511E0
3.930016500E0,-2.216273072E-1,3.335983295E0,-2.520860383E0,4.187199575E0
3.940043500E0,-1.004620354E0,2.192615823E0,-1.926458752E0,3.086757121E0
3.950070500E0,-1.039033265E0,1.153519993E0,-1.615424886E0,2.240490139E0
3.960098500E0,-3.369852707E-2,3.583337474E-1,-2.181182177E0,2.210677352E0
3.970125500E0,4.526646848E-1,1.580250961E-1,-3.511913150E0,3.544490262E0
3.980152500E0,7.105169548E-1,3.492226160E-1,-3.960309806E0,4.038668659E0
3.990180500E0,1.202520976E0,5.352079278E-1,-3.448113011E0,3.690797686E0
4.000207500E0,1.413843881E0,4.965800518E-1,-2.908051309E0,3.271438320E0
4.010234500E0,2.519940031E0,4.733777153E-1,-2.242198457E0,3.406117752E0
4.020262500E0,3.283491963E0,5.135112494E-1,-1.757992283E0,3.759727402E0
4.030289500E0,3.263714925E0,6.566218525E-1,-1.649752281E0,3.715463627E0
4.040316500E0,2.985334543E0,9.177070481E-1,-1.580620066E0,3.500395457E0
4.050343500E0,2.276150022E0,4.078777903E-1,-1.632137983E0,2.830388244E0
4.060371500E0,1.363576099E0,-4.065060335E-1,-1.815028948E0,2.306277740E0
4.070398500E0,8.468202294E-1,-1.104555994E0,-2.533002126E0,2.890198646E0
4.080425500E0,7.179078354E-1,-1.345704523E0,-3.270551198E0,3.608714100E0
4.090453500E0,7.841224363E-1,-1.311826925E0,-4.064310722E0,4.342160698E0
4.100480500E0,9.615677436E-1,-1.341821387E0,-5.669038128E0,5.904497477E0
4.110507500E0,1.092616125E0,-1.503791599E0,-7.998960607E0,8.212098999E0
4.120535500E0,1.071992265E0,-1.558400500E0,-9.899785166E0,1.007886531E1
4.130562500E0,1.129516149E0,-1.300389186E0,-9.884804599E0,1.003375208E1
4.140589500E0,1.068533345E0,-1.045290955E0,-8.641200648E0,8.769535069E0
4.150616500E0,1.317275799E0,-1.374354710E0,-7.744091586E0,7.974648638E0
4.160644500E0,2.016046282E0,-2.435102779E0,-5.701653312E0,6.519433921E0
4.170671500E0,3.896081943E0,-3.550941560E0,-2.589274560E0,5.873072724E0
4.180698500E0,7.166403637E0,-5.687756819E0,-9.834244895E-1,9.201904284E0
4.190726500E0,7.704908225E0,-8.109496372E0,-2.107441771E0,1.138291935E1
4.200753500E0,4.578234200E0,-8.501418280E0,-3.794645907E0,1.037466523E1
4.210780500E0,-2.489804359E-1,-6.948444580E0,-2.733102617E0,7.470791341E0
4.220808500E0,-2.545749641E0,-5.981970000E0,-1.097518870E0,6.593129301E0
4.230835500E0,-4.322797708E0,-5.052981918E0,4.152248168E-1,6.662703501E0
4.240862500E0,-5.320535889E0,-6.034789068E0,1.711785246E0,8.225386919E0
4.250890500E0,-6.616812143E0,-8.221661755E0,1.356535320E0,1.064040004E1
4.260917500E0,-7.035265793E0,-9.423987288E0,1.591648646E-1,1.176145546E1
4.270944500E0,-6.250630263E0,-9.577452140E0,-3.755747013E-1,1.144285911E1
4.280971500E0,-4.431963470E0,-8.675113914E0,1.640506518E-1,9.743039271E0
4.290999500E0,-1.985642076E0,-6.648485341E0,1.422839237E0,7.083050422E0
4.301026500E0,-2.261149722E-1,-4.554995027E0,2.903103103E0,5.406210808E0
4.311053500E0,-8.947130187E-1,-4.042763148E0,1.561301889E0,4.425167663E0
4.321081500E0,-2.372055469E0,-4.019330431E0,3.024024984E-1,4.676869844E0
4.331108500E0,-3.435972437E0,-3.191809083E0,2.184648407E-1,4.694814021E0
4.341135500E0,-1.698861292E0,-2.097059455E0,2.253800502E-1,2.708243751E0
4.351163500E0,-1.029819880E0,-1.801448205E0,4.286286816E0,4.762142300E0
4.361190500E0,-4.137147003E-1,-1.367008268E0,7.371373689E0,7.508463326E0
4.371217500E0,9.036298033E-1,-1.916109180E-1,4.085242000E0,4.188372448E0
4.381244500E0,1.467881801E0,2.987512046E-1,3.038151857E0,3.387373019E0
4.391272500E0,2.791989926E0,1.104539037E-3,4.740155004E0,5.501297886E0
4.401299500E0,3.576804965E0,1.891223431E-1,5.166200970E0,6.286408631E0
4.411326500E0,4.274437141E0,-7.424794436E-3,6.246572295E0,7.569051027E0
4.421354500E0,4.839901486E0,-3.881633180E-1,7.706358919E0,9.108418356E0
4.431381500E0,3.817545066E0,-4.791500866E-2,8.579464576E0,9.390588830E0
4.441408500E0,2.479448063E0,1.126544448E0,8.791094021E0,9.203265680E0
4.451436500E0,9.312942231E-1,2.456303029E0,8.225478233E0,8.634768420E0
4.461463500E0,-6.491640213E-1,3.704195328E0,7.926305444E0,8.773186135E0
4.471490500E0,-2.030799684E0,4.554999704E0,7.829138169E0,9.282649090E0
4.481517500E0,-2.523963793E0,5.019151098E0,7.396227863E0,9.287973815E0
4.491545500E0,-2.105664071E0,4.960041595E0,6.437533003E0,8.395097675E0
4.501572500E0,-9.376519006E-1,4.703954015E0,5.707001760E0,7.454947589E0
4.511599500E0,-2.571026570E-1,4.424035522E0,5.374088783E0,6.965559728E0
4.521627500E0,-4.975495201E-1,4.266725541E0,5.194431912E0,6.740521141E0
4.531654500E0,-8.297579080E-1,4.348195381E0,5.709652888E0,7.224640985E0
4.541681500E0,-8.714239973E-1,4.436442729E0,6.292689285E0,7.748505812E0
4.551709500E0,-4.836199906E-1,3.994265757E0,6.104316555E0,7.311000468E0
4.561736500E0,5.751993746E-2,3.398491200E0,5.318343768E0,6.311721747E0
4.571763500E0,7.157839805E-1,3.303730053E0,4.475902664E0,5.608982406E0
4.581791500E0,9.983828366E-1,3.675593088E0,3.854009764E0,5.418500171E0
4.591818500E0,1.218573483E0,4.259707128E0,3.351203012E0,5.555230668E0
4.601845500E0,1.732332947E0,5.266303548E0,2.713816161E0,6.172497765E0
4.611872500E0,3.056111580E-1,5.715701832E0,1.485455316E0,5.913478089E0
4.621900500E0,2.321490794E-1,5.587489350E0,4.404309940E-1,5.609626537E0
4.631927500E0,6.129282412E-1,5.453449532E0,-1.760006064E-1,5.490607348E0
4.641954500E0,7.888177505E-1,5.094977791E0,-7.385963076E-1,5.208316104E0
4.651982500E0,9.823336914E-1,4.806537566E0,-1.045999637E0,5.016163683E0
4.662009500E0,1.005216916E0,4.621826947E0,-1.284083056E0,4.901083010E0
4.672036500E0,5.575021917E-1,4.523890763E0,-1.438502759E0,4.779716154E0
4.682064500E0,-4.443287480E-1,4.396454791E0,-3.109190265E0,5.403083089E0
4.692091500E0,-3.746555190E0,2.845843366E0,-9.969399776E0,1.102381205E1
4.702118500E0,-1.093971715E1,-4.977311347E0,-2.351815858E1,2.641126318E1
4.712145500E0,-1.742551775E1,-2.671209020E1,-3.432297345E1,4.685350508E1
4.722173500E0,-1.184117537E1,-5.201525871E1,-1.717106212E1,5.604146632E1
4.732200500E0,1.512559499E0,-3.510929064E1,2.297253618E1,4.198437261E1
4.742227500E0,9.406852899E-1,-1.935484514E0,2.452534382E1,2.461957511E1
4.752255708E0,-4.744262088E0,1.022545871E1,9.630461243E0,1.482611926E1
4.762282708E0,-1.231626369E0,1.584982294E1,6.800980141E0,1.729124407E1
4.772309708E0,2.906859939E-1,1.478080223E1,8.572819215E0,1.708946582E1
4.782337708E0,2.977235857E0,1.216920650E1,8.433676533E0,1.510233161E1
4.792364708E0,1.438946416E0,8.063509190E0,7.714083676E0,1.125157030E1
4.802391708E0,-1.697911850E0,3.145576319E0,8.492128808E0,9.213783518E0
4.812418708E0,-2.704393957E0,-2.585130054E-1,9.123072613E0,9.518982591E0
4.822446708E0,-2.022650274E0,-3.322228305E0,9.887580857E0,1.062509154E1
4.832473708E0,3.089621973E-1,-6.345859187E0,1.044292133E1,1.222374707E1
4.842500708E0,2.218457007E0,-9.199570566E0,9.523054909E0,1.342543202E1
4.852528708E0,4.437865357E0,-1.064730023E1,5.112676728E0,1.261741314E1
4.862555708E0,8.149567341E0,-1.135132371E1,-6.774805080E0,1.552951968E1
4.872582708E0,4.272547613E0,-9.846333429E0,-5.121557479E0,1.189265723E1
4.882610708E0,1.064466752E0,-6.435374211E0,1.994422401E0,6.820912800E0
4.892637708E0,2.299910037E0,-2.844210239E0,2.529644947E0,4.447271256E0
4.902664708E0,2.743807699E0,-4.473938584E-2,1.050605781E-1,2.746182810E0
4.912692708E0,2.494056746E0,1.342995508E0,-3.258717602E0,4.317776789E0
4.922719708E0,2.711748000E0,1.539343255E0,-5.158569185E0,6.027768319E0
4.932746708E0,2.175745582E0,1.474405832E0,-2.719754008E0,3.782169121E0
4.942773708E0,1.142039131E0,1.989927939E0,7.987377711E-1,2.429413223E0
4.952801708E0,9.135689735E-1,3.102112795E0,1.748927929E0,3.676473985E0
4.962828708E0,1.013892284E0,4.181636274E0,8.502529836E-1,4.385999273E0
4.972855708E0,9.510699449E-1,4.845922072E0,-1.161388006E0,5.073097364E0
4.982883708E0,9.296784912E-1,4.503377561E0,-2.393401022E0,5.183925154E0
4.992910708E0,8.273071937E-1,3.106848455E0,-1.979270219E0,3.775507266E0
5.002937708E0,7.389050406E-1,1.327719657E0,-1.604882941E0,2.210083573E0
5.012965708E0,1.002686387E0,-1.698873425E-1,-1.529492451E0,1.836733203E0
5.022992708E0,1.376525343E0,-7.521460605E-1,-9.856756675E-1,1.852593381E0
5.033019708E0,9.673466930E-1,-8.233253860E-1,-1.637458949E0,2.072413117E0
5.043046708E0,1.463732032E-1,-4.520950198E-1,-2.585903056E0,2.629203232E0
5.053074708E0,6.015279248E-1,4.774473774E-1,-3.244867887E0,3.334510376E0
5.063101708E0,4.231587575E-1,7.171633387E-1,-3.620751468E0,3.715269544E0
5.073128708E0,3.683849649E-1,4.989955366E-1,-3.484956316E0,3.539720971E0
5.083156708E0,1.617711001E0,5.913721883E-1,-2.928586146E0,3.397547168E0
5.093183708E0,2.171473168E0,8.127489424E-1,-2.283987046E0,3.254604951E0
5.103210708E0,1.711528553E0,1.149897058E0,-1.524329944E0,2.564210407E0
5.113238708E0,1.147116999E0,9.612144256E-1,-8.783150871E-1,1.735294780E0
5.123265708E0,6.695262189E-1,1.892100513E-1,-2.107810146E-1,7.269762289E-1
5.133292708E0,1.166860415E0,-8.080273157E-1,-3.891259159E-1,1.471696419E0
5.143319708E0,1.226220910E0,-1.552767878E0,-6.546650818E-1,2.084056662E0
5.153347708E0,9.996557754E-1,-1.659246844E0,-1.971821013E0,2.764143604E0
5.163374708E0,8.881593132E-1,-1.764890243E0,-3.852453528E0,4.329556873E0
5.173401708E0,1.201702365E0,-1.937082558E0,-4.900747905E0,5.404970623E0
5.183429708E0,1.838448509E0,-1.944546529E0,-6.692749348E0,7.207915646E0
5.193456708E0,2.310690987E0,-1.970915717E0,-9.360903432E0,9.841255747E0
5.203483708E0,2.248121687E0,-1.780088326E0,-1.041910562E1,1.080650395E1
5.213511708E0,2.144642926E0,-1.678942605E0,-8.503378851E0,8.928930140E0
5.223538708E0,2.473678615E0,-2.228399028E0,-5.434542561E0,6.373311617E0
5.233565708E0,3.228312666E0,-3.848519813E0,-3.230014206E0,5.972110112E0
5.243592708E0,4.973435227E0,-5.702809891E0,-2.126539508E0,7.859978937E0
5.253620708E0,7.088557316E0,-5.757072052E0,-1.602754116E0,9.271480151E0
5.263647708E0,7.468929219E0,-6.889355543E0,-3.258778414E0,1.067088376E1
5.273674708E0,3.818082717E0,-6.385993890E0,-2.982766446E0,8.015957165E0
5.283702708E0,-2.005950918E0,-4.850102246E0,-4.243522620E0,6.749430725E0
5.293729708E0,-6.663108058E0,-3.272431077E0,-6.627133648E0,9.951116246E0
5.303756708E0,-7.492818604E0,-3.157707537E0,-4.717124283E0,9.400250476E0
5.313784708E0,-6.165724014E0,-4.635643918E0,-9.217771487E-1,7.768849353E0
5.323811708E0,-6.357083502E0,-6.926063778E0,1.610468202E0,9.538159043E0
5.333838708E0,-6.726650920E0,-9.272760749E0,1.823999308E0,1.159995250E1
5.343865708E0,-6.159164608E0,-9.947616559E0,1.427547415E0,1.178678393E1
5.353893708E0,-5.019393758E0,-8.848753999E0,2.231988634E0,1.041520688E1
5.363920708E0,-2.211742942E0,-6.490537428E0,3.092102362E0,7.521966496E0
5.373947708E0,-9.753127203E-1,-4.226375075E0,3.375409901E0,5.496077981E0
5.383975708E0,-4.053149557E-1,-3.030679700E0,3.894664285E0,4.951536080E0
5.394002708E0,1.028871681E-1,-2.447977763E0,3.445220978E0,4.227614988E0
5.404029708E0,-7.579253022E-1,-1.737187305E0,1.117096517E0,2.200039801E0
5.414057708E0,-6.681658642E-1,-1.374305009E0,8.554418027E-1,1.751268271E0
5.424084708E0,-3.935858066E-1,-8.707457203E-1,1.628379685E0,1.888048806E0
5.434111708E0,9.136351202E-1,-3.541500646E-1,9.725974926E-1,1.380614821E0
5.444139708E0,1.087008353E0,-5.199081033E-1,1.518583885E0,1.938553227E0
5.454166708E0,3.543539862E-1,-8.622193104E-1,4.404612826E0,4.502177588E0
5.464193708E0,5.595306639E-2,-9.994060993E-3,4.824746088E0,4.825080874E0
5.474220708E0,8.677787700E-1,9.208820862E-1,4.378365260E0,4.557537291E0
5.484248708E0,8.610895552E-1,1.183930192E0,5.034576053E0,5.243102322E0
5.494275708E0,-9.390360097E-1,1.486221886E0,5.309662991E0,5.593135543E0
5.504302708E0,-3.648525158E-1,1.467594995E0,6.337722786E0,6.515649050E0
5.514330708E0,2.165220155E0,-1.351332468E-1,9.613648744E0,9.855388450E0
5.524357708E0,3.006000942E0,-6.362945920E-1,8.711346186E0,9.237340788E0
5.534384708E0,2.214590536E0,3.180715746E-1,6.622038385E0,6.989776330E0
5.544412708E0,5.136875430E-1,2.122980162E0,6.379250881E0,6.742830375E0
5.554439708E0,-8.440354930E-1,3.961632446E0,6.207004187E0,7.411735865E0
5.564466708E0,-1.382551191E0,5.291429034E0,5.850229892E0,8.008486674E0
5.574493708E0,-1.109736042E0,5.647404014E0,5.387685898E0,7.883644178E0
5.584521708E0,-6.162789881E-1,5.082690452E0,5.145365002E0,7.258672263E0
5.594548708E0,-2.377971974E-1,4.638618397E0,5.414531050E0,7.133755997E0
5.604575708E0,1.414140335E-1,4.476828863E0,5.789555674E0,7.319900922E0
5.614603708E0,4.488749582E-1,4.335963591E0,5.872400195E0,7.313491166E0
5.624630708E0,9.538136047E-1,4.198117236E0,5.819762975E0,7.239032380E0
5.634657708E0,1.483102981E0,4.081696833E0,5.631080343E0,7.111181991E0
5.644685708E0,1.560878258E0,4.140264300E0,5.210155075E0,6.835484278E0
5.654712708E0,1.283457696E0,4.419412714E0,4.475544814E0,6.419421608E0
5.664739708E0,8.226067632E-1,4.691366714E0,3.616336235E0,5.980258464E0
5.674766708E0,2.261837500E-1,5.004220233E0,2.597974048E0,5.642946782E0
5.684794708E0,-4.276153591E-1,5.533011426E0,1.646458399E0,5.788600487E0
5.694821708E0,-9.299689516E-1,6.088416806E0,8.400607020E-1,6.216056905E0
5.704848708E0,-1.569282607E0,6.487895072E0,-1.860508007E-1,6.677577799E0
5.714876708E0,-2.109081038E0,6.504260259E0,-1.727692596E0,7.052555994E0
5.724903708E0,-1.956084547E0,5.942793070E0,-3.319147992E0,7.082358337E0
5.734930708E0,-1.773668668E0,4.479727913E0,-6.154270488E0,7.815939352E0
5.744958708E0,-3.940102121E0,1.088846279E0,-1.360394249E1,1.420483165E1
5.754985708E0,-8.396249675E0,-7.316783499E0,-2.217178572E1,2.481169908E1
5.765012708E0,-1.591102925E1,-2.564956224E1,-3.322566625E1,4.488881590E1
5.775039708E0,-1.221585559E1,-4.290797241E1,-1.879266576E1,4.840956012E1
5.785067708E0,5.985499964E0,-2.518448173E1,1.681280439E1,3.086672514E1
5.795094708E0,4.735060910E0,7.200542021E-1,2.483695129E1,2.529453359E1
5.805121708E0,-2.303856177E0,1.151537553E1,1.612213946E1,1.994580176E1
5.815149708E0,-2.830583303E0,1.475007160E1,8.893551857E0,1.745485831E1
5.825176708E0,-2.174988514E0,1.355685135E1,7.997242110E0,1.588945169E1
5.835203708E0,1.602656906E0,1.139499539E1,6.690756032E0,1.331092203E1
5.845231708E0,2.217496018E0,6.460110857E0,7.870601360E0,1.042097340E1
5.855258708E0,-4.674674959E-1,8.290433782E-1,1.146378905E1,1.150322990E1
5.865285708E0,-9.839117087E-1,-2.917434921E0,1.191490291E1,1.230627564E1
5.875313708E0,-1.533200901E0,-5.049966509E0,1.129878998E1,1.247058627E1
5.885340708E0,-8.849176168E-2,-7.671551614E0,1.053980385E1,1.303641055E1
5.895367708E0,6.503624082E-1,-9.898032171E0,6.829954848E0,1.204335067E1
5.905394708E0,2.830131606E0,-1.172937894E1,-2.181646154E0,1.226162939E1
5.915422708E0,4.662265998E0,-1.280850832E1,-7.716038400E0,1.566307308E1
5.925449708E0,2.026354192E0,-1.062576260E1,-9.853338978E-1,1.086203595E1
5.935476708E0,2.626093015E0,-5.928200759E0,3.118495232E0,7.194785700E0
5.945504708E0,2.851528614E0,-1.568757089E0,3.595599962E0,4.849799308E0
5.955531708E0,1.347302567E0,9.314655465E-1,-2.982195465E-1,1.664868514E0
5.965558708E0,6.532861622E-1,1.661816695E0,-3.200916706E0,3.665281067E0
5.975586708E0,7.188900214E-1,1.467279831E0,-2.789434108E0,3.232747377E0
5.985613708E0,6.785915959E-1,1.151570531E0,-4.541973862E-1,1.411699865E0
5.995640708E0,5.440867786E-1,1.695048176E0,1.473523195E0,2.310949880E0
6.005667708E0,8.774232405E-1,2.756770976E0,1.710300053E0,3.360771345E0
6.015695708E0,1.354012539E0,3.801465515E0,1.188705028E0,4.206840817E0
6.025722708E0,1.557876298E0,4.453729438E0,3.706175049E-1,4.732868242E0
6.035749708E0,1.608274180E0,4.236607118E0,-7.061121011E-1,4.586281719E0
6.045777708E0,1.912824653E0,3.270020270E0,-1.688140275E0,4.147499043E0
6.055804708E0,2.024399030E0,1.882509325E0,-2.021197094E0,3.424510255E0
6.065831708E0,1.135114566E0,2.825678658E-1,-1.799265440E0,2.146086158E0
6.075859708E0,4.460668328E-1,-7.969006491E-1,-1.949896731E0,2.153165931E0
6.085886708E0,8.078070219E-1,-1.171981407E0,-2.649596776E0,3.007732647E0
6.095913708E0,7.722835788E-1,-9.602823794E-1,-4.165952287E0,4.344389789E0
6.105940708E0,2.745950411E-1,-1.824951088E-1,-4.820246948E0,4.831509861E0
6.115968708E0,4.388708107E-1,4.088905281E-1,-4.470379384E0,4.510442427E0
6.125995708E0,8.306352827E-1,3.253244609E-1,-4.172492983E0,4.266789035E0
6.136022708E0,2.131821591E0,1.049195141E-1,-3.484123673E0,4.085925742E0
6.146050708E0,3.478851238E0,5.220353204E-1,-2.334509182E0,4.221949779E0
6.156077708E0,3.841057012E0,1.498854795E0,-1.188600802E0,4.291043758E0
6.166104708E0,3.138593574E0,2.364677160E0,-1.540258929E-2,3.929720719E0
6.176132708E0,2.452379694E0,1.840466675E0,4.997585982E-1,3.106644878E0
6.186159708E0,1.956347818E0,7.211979175E-1,1.058071945E0,2.338148725E0
6.196186708E0,1.626225717E0,-5.988139397E-1,7.099220006E-1,1.872745969E0
6.206213708E0,3.652216212E-1,-1.941650988E0,2.143201880E-1,1.987291759E0
6.216241708E0,-4.399466984E-1,-2.597037324E0,-1.626685454E0,3.095845850E0
6.226268708E0,-7.231141962E-1,-2.870904533E0,-3.797719789E0,4.815356951E0
6.236295708E0,-7.833858334E-1,-2.571146438E0,-5.969975606E0,6.547144118E0
6.246323708E0,-4.152957143E-1,-2.265786125E0,-9.189294670E0,9.473615668E0
6.256350708E0,-1.541394751E-1,-1.991530661E0,-1.224690314E1,1.240873039E1
6.266377708E0,2.105363086E-2,-1.896011716E0,-1.196801902E1,1.211729272E1
6.276405708E0,1.005306817E0,-2.057487254E0,-9.190246596E0,9.471247441E0
6.286432708E0,2.741155694E0,-2.721866022E0,-6.099526516E0,7.219883164E0
6.296459708E0,3.488965167E0,-4.065030515E0,-3.080899681E0,6.179748690E0
6.306486708E0,4.633685101E0,-5.609570775E0,-1.158443933E0,7.367517509E0
6.316514708E0,7.140761842E0,-6.554862063E0,-2.559757523E-1,9.696505553E0
6.326541708E0,8.662220803E0,-7.331269391E0,-1.769326526E-1,1.134957644E1
6.336568708E0,5.473630028E0,-7.457801968E0,-3.060343210E0,9.743979497E0
6.346596708E0,-7.654022831E-1,-4.840259044E0,-6.719122630E0,8.316282654E0
6.356623708E0,-6.535600165E0,-2.764492809E0,-9.015233000E0,1.147305173E1
6.366650708E0,-8.500762222E0,-2.772871284E0,-7.426499484E0,1.162345336E1
6.376678708E0,-6.588157863E0,-4.358757792E0,-2.557451674E0,8.303201345E0
6.386705708E0,-5.551343617E0,-5.669934506E0,1.591168882E0,8.093045883E0
6.396732708E0,-5.479854974E0,-7.298116847E0,3.533093519E0,9.786422731E0
6.406759708E0,-4.172334523E0,-8.217542977E0,3.879652144E0,9.999404417E0
6.416787708E0,-2.430792358E0,-7.921225968E0,4.059353453E0,9.226750391E0
6.426814708E0,-3.322042948E-1,-7.118252985E0,4.199384620E0,8.271318906E0
6.436841708E0,7.429099448E-1,-6.037684609E0,3.475112236E0,7.005851532E0
6.446869708E0,-1.580644917E-1,-4.779456187E0,2.940372086E0,5.613730830E0
6.456896708E0,-1.592319468E0,-3.379095401E0,1.742053943E0,4.121713109E0
6.466923708E0,-1.591150755E0,-2.374144971E0,7.941898799E-1,2.966321398E0
6.476951708E0,-9.821223146E-1,-1.713850483E0,1.251078447E0,2.338171294E0
6.486978708E0,1.305611042E0,-1.361037092E0,2.256905666E0,2.941201344E0
6.497005708E0,1.427099226E0,-1.566065031E0,2.487930034E0,3.267868990E0
6.507033708E0,1.469216428E0,-1.975821531E0,3.138134567E0,3.988778785E0
6.517060708E0,2.197027254E0,-1.408608869E0,3.988077356E0,4.766116732E0
6.527087708E0,2.266115469E0,-9.531055069E-1,4.291427103E0,4.945708848E0
6.537114708E0,2.424408076E0,-6.996053195E-1,4.552249174E0,5.204822251E0
6.547142708E0,2.045164539E0,-1.964997751E-1,5.258354259E0,5.645493748E0
6.557169708E0,1.723903308E0,3.742516226E-1,5.745724946E0,6.010429439E0
6.567196708E0,6.144752683E-1,9.710798478E-1,6.054988859E0,6.163072774E0
6.577224708E0,-5.258951405E-1,1.195256833E0,9.613939351E0,9.702218016E0
6.587251708E0,1.190726265E0,1.600764163E0,8.228943878E0,8.467336788E0
6.597278708E0,5.104682122E-1,2.056088015E0,6.940810456E0,7.256922592E0
6.607305708E0,-2.713893051E-1,2.990877119E0,7.391729016E0,7.978512138E0
6.617333708E0,-1.263002528E0,4.318312601E0,7.430631711E0,8.686615378E0
6.627360708E0,-1.911913657E0,5.446439890E0,6.940004125E0,9.026781185E0
6.637387708E0,-1.842071297E0,5.779968579E0,6.508778402E0,8.897497386E0
6.647415708E0,-1.185541538E0,5.628278357E0,6.256557586E0,8.498678652E0
6.657442708E0,-2.030270219E-1,5.148519575E0,6.414399079E0,8.227574936E0
6.667469708E0,3.259603456E-1,4.436969563E0,6.553129533E0,7.920634806E0
6.677497708E0,3.613664058E-1,4.068175732E0,6.301891049E0,7.509625174E0
6.687524708E0,5.069945276E-1,4.126496446E0,5.694472931E0,7.050676445E0
6.697551708E0,8.324257001E-1,4.217357499E0,5.079434722E0,6.654298905E0
6.707578708E0,1.145882360E0,4.389342238E0,4.402351123E0,6.321397557E0
6.717606708E0,1.444721273E0,4.720565954E0,3.443106040E0,6.018799024E0
6.727633708E0,1.266932295E0,5.038058070E0,2.755131417E0,5.880297244E0
6.737660708E0,7.203980184E-1,5.574888600E0,2.203163030E0,6.037572653E0
6.747688708E0,1.255698332E-1,6.135161787E0,1.609799865E0,6.344086502E0
6.757715583E0,-4.480452383E-1,6.541277227E0,1.047308244E0,6.639721896E0
6.767742583E0,-6.480306847E-1,6.631469944E0,5.264458752E-1,6.683822457E0
6.777770583E0,-6.312323651E-1,6.438634619E0,-8.361401439E-2,6.470043381E0
6.787797583E0,-3.384774801E-1,6.005996209E0,-5.100175381E-1,6.037108195E0
6.797824583E0,-6.567233017E-1,5.078170554E0,-2.888241527E0,5.878863903E0
6.807852583E0,-3.635612751E0,2.655971410E0,-1.255519174E1,1.333809221E1
6.817879583E0,-1.004149828E1,-6.160161558E0,-3.112851791E1,3.328308738E1
6.827906583E0,-1.572650048E1,-3.248932404E1,-4.273060999E1,5.593553454E1
6.837933583E0,-7.887064780E0,-5.546983114E1,-1.059356432E1,5.702044864E1
6.847961583E0,6.067452199E0,-2.636789268E1,3.065530977E1,4.088799039E1
6.857988583E0,1.337451178E0,4.376873635E0,2.443399861E1,2.485892368E1
6.868015583E0,-1.684686910E0,1.485611202E1,1.100233966E1,1.856323551E1
6.878043583E0,-3.626154880E0,1.669364398E1,7.871173802E0,1.880909689E1
6.888070583E0,-4.224826148E0,1.469951891E1,8.800325021E0,1.764570012E1
6.898097583E0,-2.448767138E-1,1.184189574E1,3.274522042E0,1.228873281E1
6.908124583E0,1.677506237E-1,7.026418371E0,5.760665751E0,9.087572024E0
6.918152583E0,-1.575545121E0,1.275140909E0,1.073145219E1,1.092119008E1
6.928179583E0,-1.137139457E0,-2.545178953E0,1.317314303E1,1.346486982E1
6.938206583E0,-4.150850683E-1,-5.313047360E0,1.416867008E1,1.513776667E1
6.948234583E0,1.939642031E0,-8.490045446E0,1.275694056E1,1.544611975E1
6.958261583E0,1.535219653E0,-1.108843289E1,8.392375309E0,1.399079007E1
6.968288583E0,1.817077959E0,-1.231489807E1,5.077586125E-1,1.245858361E1
6.978316583E0,4.841198983E0,-1.203098768E1,-1.149276902E1,1.732817394E1
6.988343583E0,1.058837199E0,-9.492628922E0,-3.976555710E0,1.034621358E1
6.998370583E0,1.133936133E0,-5.562587228E0,2.438565354E0,6.178574982E0
7.008398583E0,3.306438484E0,-2.034396599E0,3.232214220E0,5.051585269E0
7.018425583E0,3.811050563E0,-4.624276346E-1,1.656052949E0,4.180963655E0
7.028452583E0,3.354555221E0,-4.117544943E-1,-1.762214996E0,3.811559286E0
7.038479583E0,2.538599081E0,-4.291353428E-1,-2.446136914E0,3.551369910E0
7.048507583E0,1.705722561E0,3.070296925E-1,-8.175132537E-1,1.916268406E0
7.058534583E0,1.330391688E0,1.882166094E0,7.218620881E-1,2.415279719E0
7.068561583E0,1.031279564E0,3.169432374E0,1.483334531E0,3.648166723E0
7.078589583E0,9.623531708E-1,4.071311009E0,9.572150031E-1,4.291614792E0
7.088616583E0,1.300843515E0,4.620421861E0,1.374855816E-1,4.802019816E0
7.098643583E0,1.587709961E0,4.222251034E0,-1.630352243E0,4.796485708E0
7.108670583E0,1.446970550E0,3.246625561E0,-2.361971068E0,4.267693596E0
7.118698583E0,6.805081670E-1,1.839927562E0,-1.759211428E0,2.635004677E0
7.128725583E0,1.685073996E-1,6.050008786E-1,-1.207219652E0,1.360808618E0
7.138752583E0,6.435604884E-1,4.532878518E-2,-1.164005805E0,1.330839703E0
7.148780583E0,7.826161936E-1,6.823115945E-2,-1.825163342E0,1.987049276E0
7.158807583E0,-4.687142685E-2,-2.384295738E-1,-2.857147204E0,2.867461549E0
7.168834583E0,-8.353332281E-2,-8.900924027E-2,-3.470075153E0,3.472221483E0
7.178862583E0,2.320860757E-1,-5.790556133E-2,-4.039307443E0,4.046383771E0
7.188889583E0,7.712667480E-1,2.046157104E-1,-3.637640566E0,3.724130619E0
7.198916583E0,1.564373285E0,4.554554147E-1,-2.914496110E0,3.339010480E0
7.208944583E0,2.206184286E0,5.489061999E-1,-2.288762905E0,3.225985548E0
7.218971583E0,2.607325500E0,1.062066032E0,-1.534347394E0,3.206298870E0
7.228998583E0,2.274405798E0,1.018504275E0,-8.199563666E-1,2.623471200E0
7.239025583E0,1.354401671E0,2.172685003E-1,-1.932370287E-1,1.385261722E0
7.249053583E0,1.431912070E0,-3.849666452E-1,-3.422223294E-1,1.521738353E0
7.259080583E0,1.214334252E0,-1.134193191E0,-1.345935049E0,2.138350539E0
7.269107583E0,5.468498804E-1,-1.659577796E0,-2.526873659E0,3.072187127E0
7.279135583E0,1.794203505E-1,-1.999967024E0,-3.958046349E0,4.438264374E0
7.289162583E0,6.871481189E-1,-2.119329745E0,-5.338876265E0,5.785095581E0
7.299189583E0,1.339056385E0,-2.158228347E0,-6.937809665E0,7.388113734E0
7.309216583E0,1.829178187E0,-1.809820833E0,-8.514164041E0,8.894511431E0
7.319244583E0,2.236619336E0,-1.253657654E0,-9.018540770E0,9.375937350E0
7.329271583E0,2.096467278E0,-8.943684715E-1,-8.508366526E0,8.808369370E0
7.339298583E0,1.835886844E0,-5.332719147E-1,-8.722380466E0,8.929433377E0
7.349326583E0,2.303112265E0,-2.460970277E-1,-7.977734630E0,8.307173988E0
7.359353583E0,3.002621251E0,-1.305953981E0,-5.173887720E0,6.122937556E0
7.369380583E0,4.151521067E0,-3.218549570E0,-1.810866900E0,5.556386184E0
7.379408583E0,6.901203756E0,-4.403283754E0,1.259752353E0,8.282662440E0
7.389435583E0,9.209944112E0,-5.975921055E0,4.802136952E-1,1.098932701E1
7.399462583E0,7.020209212E0,-7.309437057E0,-2.078194583E0,1.034553528E1
7.409490583E0,4.530729666E-2,-6.714403927E0,-3.828449246E0,7.729314101E0
7.419517583E0,-3.236322767E0,-5.955817743E0,-3.040796553E0,7.429131424E0
7.429544583E0,-6.118007226E0,-4.316645560E0,-2.373417578E0,7.854715291E0
7.439571583E0,-8.551616626E0,-4.439238868E0,-1.079679015E0,9.695498720E0
7.449599583E0,-9.799483783E0,-6.744719986E0,1.891409811E-1,1.189776888E1
7.459626583E0,-9.458860082E0,-8.654194915E0,3.950940958E-1,1.282658267E1
7.469653583E0,-7.511322702E0,-8.802062813E0,7.395792246E-1,1.159496684E1
7.479681583E0,-5.284334022E0,-7.982491924E0,1.575525095E0,9.701888615E0
7.489708583E0,-3.021413325E0,-6.338554845E0,2.361847984E0,7.408410214E0
7.499735583E0,-4.348356472E-1,-4.404493543E0,3.400502057E0,5.581403018E0
7.509763583E0,7.099608115E-1,-3.853328564E0,3.493071375E0,5.249164981E0
7.519790583E0,-9.660111889E-3,-4.280546604E0,3.309037279E0,5.410443629E0
7.529817583E0,-6.835063268E-1,-3.721072732E0,2.712927091E0,4.655484569E0
7.539844583E0,-8.500234804E-1,-2.863468044E0,1.500378872E0,3.342622610E0
7.549872583E0,-1.531353327E0,-1.862204284E0,8.788365126E-3,2.411000839E0
7.559899583E0,-7.869991934E-1,-4.436726904E-1,-3.605618289E-1,9.727373844E-1
7.569926583E0,8.876381801E-1,-8.535315174E-1,4.129352226E0,4.309056439E0
7.579954583E0,1.511886485E0,-9.721475494E-1,5.024690166E0,5.336514111E0
7.589981583E0,1.317636426E0,-1.823980451E-1,2.398200417E0,2.742407708E0
7.600008583E0,1.056341754E0,4.261567712E-1,3.098947113E0,3.301657266E0
7.610036583E0,1.610299802E0,7.823761654E-1,5.364330364E0,5.655193911E0
7.620063583E0,1.234012471E0,1.306815276E0,6.322362151E0,6.572884915E0
7.630090583E0,8.837966325E-1,1.483947319E0,6.571072299E0,6.794276068E0
7.640117583E0,8.872800381E-1,1.741970327E0,6.444991711E0,6.734956915E0
7.650145583E0,1.766324273E0,1.490946436E0,7.152263315E0,7.516494744E0
7.660172583E0,1.577691780E0,1.305838206E0,8.034010572E0,8.290937863E0
7.670199583E0,5.826658304E-1,1.899538756E0,7.240103697E0,7.507785859E0
7.680227583E0,-3.551809287E-1,3.056784595E0,6.027809832E0,6.767907868E0
7.690254583E0,-1.465325983E0,4.284228596E0,6.199086472E0,7.676618265E0
7.700281583E0,-1.858870640E0,5.062761971E0,6.226401156E0,8.237416475E0
7.710309583E0,-1.766702734E0,5.099057978E0,5.980930365E0,8.055629016E0
7.720336583E0,-1.323134563E0,4.743426813E0,5.726879370E0,7.553008031E0
7.730363583E0,-6.031633911E-1,4.125167958E0,5.716210540E0,7.075018000E0
7.740390583E0,-2.951075122E-2,3.785238907E0,5.661089423E0,6.810054179E0
7.750419125E0,2.553033225E-1,3.818347011E0,5.398203285E0,6.617065240E0
7.760446125E0,6.013639104E-1,4.317202799E0,5.130440569E0,6.732109550E0
7.770473125E0,1.102839544E0,4.722151135E0,4.733611677E0,6.776580694E0
7.780501125E0,1.563825547E0,4.692252567E0,4.528215948E0,6.705782890E0
7.790528125E0,1.599727159E0,4.451998662E0,3.863605045E0,6.107934431E0
7.800555125E0,1.257218316E0,4.315615865E0,2.785935718E0,5.288343409E0
7.810583125E0,6.955914983E-1,4.585501120E0,1.636535089E0,4.918222764E0
7.820610125E0,-3.561582908E-2,5.090133373E0,9.131842268E-1,5.171521214E0
7.830637125E0,-7.308059160E-1,5.574972215E0,3.107298106E-1,5.631247242E0
7.840664125E0,-1.245743448E0,5.657762942E0,-4.032368553E-1,5.807302145E0
7.850692125E0,-1.163251368E0,5.606043735E0,-1.130388408E0,5.835979614E0
7.860719125E0,-6.965761694E-1,5.163517098E0,-1.807612340E0,5.514942389E0
7.870746125E0,-6.117058808E-1,4.222784885E0,-3.566144321E0,5.560888561E0
7.880774125E0,-1.962377321E0,1.965697662E0,-1.009417000E1,1.046934382E1
7.890801125E0,-4.200604934E0,-4.173112203E0,-1.848685638E1,1.941195009E1
7.900828125E0,-7.317082876E0,-1.813961831E1,-2.588120788E1,3.244106002E1
7.910856125E0,-8.984545058E0,-3.679105043E1,-2.475127087E1,4.524299782E1
7.920883125E0,-2.310030836E0,-3.695223244E1,-3.412066680E-1,3.702593883E1
7.930910125E0,2.334660332E0,-8.644416032E0,2.363831886E1,2.527739476E1
7.940937125E0,-4.605153612E0,7.579020596E0,1.876170359E1,2.075212072E1
7.950965125E0,-5.179701022E0,1.215280623E1,9.925649740E0,1.652387741E1
7.960992125E0,-3.569318774E0,1.302011905E1,6.088744835E0,1.481000845E1
7.971019125E0,-1.134873514E0,1.216265762E1,7.614473433E0,1.439438724E1
7.981047125E0,1.156609223E0,8.877882489E0,7.812416301E0,1.188227212E1
7.991074125E0,-9.881529866E-1,4.296571484E0,8.520883661E0,9.593874671E0
8.001101125E0,-3.040220017E0,6.393871844E-2,9.825954713E0,1.028573828E1
8.011129125E0,-1.784655002E0,-2.406077785E0,1.017357051E1,1.060545807E1
8.021156125E0,4.731989367E-1,-4.733467251E0,1.008107926E1,1.114709776E1
8.031183125E0,1.641577728E0,-7.018952646E0,8.787368760E0,1.136566423E1
8.041210125E0,2.502850666E0,-8.570368062E0,5.997337652E0,1.075562779E1
8.051238125E0,5.414271433E0,-9.831253459E0,-4.565406286E0,1.211655125E1
8.061265125E0,4.049703208E0,-9.316999029E0,-6.158061823E0,1.187974294E1
8.071292125E0,1.960549627E0,-6.274046023E0,1.144838047E-1,6.574231125E0
8.081320125E0,2.128716865E0,-3.089074089E0,2.137163461E0,4.317555081E0
8.091347125E0,2.280308124E0,-5.849776733E-1,6.914200947E-2,2.355161276E0
8.101374125E0,2.349418558E0,5.874451983E-1,-2.008628650E0,3.146338901E0
8.111402125E0,2.313676283E0,3.953863835E-1,-2.713830779E0,3.588078292E0
8.121429125E0,1.908079784E0,1.704486752E-1,-1.739539640E0,2.587628136E0
8.131456125E0,1.044511375E0,7.602742749E-1,1.983001328E-1,1.307036315E0
8.141483125E0,6.474023283E-1,1.984749060E0,1.804820294E0,2.759662099E0
8.151511125E0,6.981350371E-1,3.033519108E0,1.844645680E0,3.618335031E0
8.161538125E0,1.047507780E0,3.715383976E0,8.958507407E-1,3.962814553E0
8.171565125E0,1.274844017E0,3.745712314E0,-5.868534601E-1,3.999998123E0
8.181593125E0,1.059997287E0,2.965549319E0,-1.833461126E0,3.644126331E0
8.191620125E0,3.645217095E-1,1.780375425E0,-1.682390124E0,2.476499396E0
8.201647125E0,-2.545827994E-1,4.838810688E-1,-9.721873105E-1,1.115392961E0
8.211675125E0,-4.735499159E-2,-4.276443028E-1,-9.380138433E-1,1.031984552E0
8.221702125E0,6.194607505E-1,-4.010184216E-1,-1.486823564E0,1.659877016E0
8.231729125E0,4.462558441E-1,-1.851783961E-1,-1.520412310E0,1.595333479E0
8.241756125E0,-9.751386926E-2,-1.213706553E-1,-2.043061003E0,2.048984640E0
8.251784125E0,2.406138012E-1,1.158081990E-1,-2.158938784E0,2.175390359E0
8.261811125E0,4.659269008E-1,3.522169751E-1,-1.902917277E0,1.990537324E0
8.271838125E0,6.152495858E-1,3.313909471E-1,-1.672880797E0,1.812976054E0
8.281866125E0,1.496113328E0,5.622173864E-1,-1.645338657E0,2.293814024E0
8.291893125E0,2.265987123E0,9.306340724E-1,-1.335508148E0,2.790046493E0
8.301920125E0,2.386115684E0,9.780865663E-1,-1.239474355E0,2.861205701E0
8.311948125E0,2.391988773E0,7.206137806E-1,-1.582133179E0,2.957032281E0
8.321975125E0,2.335386556E0,4.846312666E-1,-1.944487472E0,3.077325033E0
8.332002125E0,2.156335896E0,2.015465069E-1,-1.895361067E0,2.877985244E0
8.342029125E0,1.582970793E0,-5.287099171E-1,-1.606780509E0,2.316694695E0
8.352057125E0,8.330408272E-1,-1.294446661E0,-1.765274990E0,2.342166725E0
8.362084125E0,2.256817666E-1,-1.736392668E0,-2.277533035E0,2.872829352E0
8.372111125E0,2.952237256E-1,-1.676432396E0,-3.832155796E0,4.193208875E0
8.382139125E0,6.489234084E-1,-1.268052329E0,-5.883091829E0,6.053084153E0
8.392166125E0,1.160924761E0,-7.505883622E-1,-8.405119901E0,8.518049644E0
8.402193125E0,1.584034694E0,-2.692981946E-1,-1.094137776E1,1.105872663E1
8.412221125E0,2.136339149E0,2.461443901E-2,-1.067351096E1,1.088523712E1
8.422248125E0,2.919674404E0,-5.748035181E-1,-6.569818071E0,7.212309422E0
8.432275125E0,3.294500516E0,-1.945625340E0,-2.801231450E0,4.741949942E0
8.442302125E0,3.966193859E0,-3.923658873E0,-9.616490199E-1,5.661321535E0
8.452330125E0,5.986325006E0,-6.496068894E0,-2.430501898E-1,8.837085014E0
8.462357125E0,7.627608619E0,-7.852364479E0,-1.565559247E0,1.105852689E1
8.472384125E0,6.289449928E0,-8.226054769E0,-3.585552984E0,1.095816352E1
8.482412125E0,-2.348915698E-1,-6.278579369E0,-5.479110038E0,8.336448870E0
8.492439125E0,-5.750179939E0,-3.715070565E0,-7.667017098E0,1.027859279E1
8.502466125E0,-6.332275520E0,-2.146005328E0,-6.052800246E0,9.018838226E0
8.512494125E0,-6.109823463E0,-2.042897866E0,-1.827999827E0,6.696637799E0
8.522521125E0,-5.923138239E0,-3.705222099E0,1.580366735E0,7.163085678E0
8.532548125E0,-5.980671918E0,-5.695163487E0,2.909479784E0,8.756049129E0
8.542575125E0,-5.297925875E0,-6.974464690E0,3.205927770E0,9.326797369E0
8.552603125E0,-3.991865475E0,-7.717459858E0,2.731262498E0,9.107907085E0
8.562630125E0,-2.664698964E0,-7.837492670E0,1.889579340E0,8.491020081E0
8.572657125E0,-1.087940034E0,-6.802696883E0,2.171937875E0,7.223407266E0
8.582685125E0,-4.981393580E-1,-5.233511193E0,2.680134444E0,5.900923900E0
8.592712125E0,8.018414001E-1,-2.883360271E0,2.633077514E0,3.986202865E0
8.602739125E0,5.483241827E-1,-1.564680410E0,3.654145209E0,4.012687554E0
8.612767125E0,5.044854873E-1,-1.400981761E0,2.101937787E0,2.575926622E0
8.622794125E0,5.656622004E-1,-5.336297643E-1,4.602159253E-1,9.036222375E-1
8.632821125E0,6.208128460E-1,-1.009229422E-3,8.438143221E-1,1.047583991E0
8.642848125E0,-2.645494515E-1,-4.576253164E-1,1.614274447E0,1.698613944E0
8.652876125E0,-7.674393799E-2,-1.209356225E0,1.053308364E0,1.605581085E0
8.662903125E0,2.516795472E-1,-6.637180334E-1,1.142534536E0,1.345083414E0
8.672930125E0,-7.522177619E-1,7.877959496E-1,2.111116746E0,2.375556342E0
8.682958125E0,-7.142426544E-1,1.405834365E0,3.263871046E0,3.624826484E0
8.692985125E0,1.555205143E-1,1.206606864E0,6.059699376E0,6.180618358E0
8.703012125E0,2.323023934E0,8.286235482E-1,8.227160477E0,8.588901367E0
8.713040125E0,2.452979472E0,3.010614395E-2,6.547337866E0,6.991827215E0
8.723067125E0,1.600829067E0,-9.832034647E-2,4.544683462E0,4.819384645E0
8.733094125E0,1.068664761E0,1.615878046E-1,5.183611055E0,5.295090043E0
8.743121125E0,4.740668828E-1,9.488592589E-1,6.690644351E0,6.774200700E0
8.753148500E0,-6.988298325E-1,1.836772404E0,7.443923602E0,7.698967112E0
8.763175500E0,-2.777325693E0,3.690808713E0,6.104653940E0,7.655220878E0
8.773202500E0,-2.480568389E0,4.396103373E0,5.674380729E0,7.594573132E0
8.783230500E0,-1.605229389E0,4.330543807E0,5.355418623E0,7.071837080E0
8.793257500E0,-1.736909855E0,4.660631409E0,5.407602684E0,7.347142830E0
8.803284500E0,-1.776229749E0,4.817271300E0,5.040851870E0,7.195226367E0
8.813312500E0,-1.362158441E0,4.746091974E0,4.283383089E0,6.536683818E0
8.823339500E0,-5.629213911E-1,4.235184490E0,4.013619456E0,5.861979981E0
8.833366500E0,2.578179176E-1,3.627621946E0,3.930375570E0,5.354807484E0
8.843393500E0,1.027388535E0,3.403710424E0,3.705129713E0,5.135051903E0
8.853421500E0,1.355391020E0,3.820743200E0,3.272826934E0,5.210236037E0
8.863448500E0,1.616755128E0,4.462685033E0,2.809847907E0,5.515858964E0
8.873475500E0,1.590069313E0,5.134177524E0,2.202015222E0,5.808353494E0
8.883503500E0,1.212350145E0,5.868817606E0,1.413701794E0,6.157220617E0
8.893530500E0,7.003967401E-1,6.410485538E0,8.858087325E-1,6.509188700E0
8.903557500E0,-4.519283742E-2,6.894507524E0,9.480792403E-2,6.895307458E0
8.913585500E0,-7.310744494E-1,7.191158409E0,-7.574231726E-1,7.267800147E0
8.923612500E0,-7.318376572E-1,7.081755250E0,-1.350355983E0,7.246399455E0
8.933639500E0,-3.549816848E-1,6.045608756E0,-2.736536686E0,6.645602325E0
8.943666500E0,-7.807021075E-1,3.842346323E0,-6.847213490E0,7.890339259E0
8.953694500E0,-2.306665471E0,-1.397730709E0,-1.320745215E1,1.348002778E1
8.963721500E0,-7.912531743E0,-1.441417713E1,-2.887921801E1,3.323230196E1
8.973748500E0,-1.020439820E1,-3.799988742E1,-3.250966767E1,5.103919748E1
8.983776500E0,-3.794440670E0,-4.415122612E1,2.379051955E0,4.437779215E1
8.993803500E0,1.097459082E0,-1.296405829E1,2.563824671E1,2.875049422E1
9.003830500E0,7.577393608E-1,6.972813436E0,2.538954124E1,2.634052202E1
9.013858500E0,-1.620826106E0,1.299897786E1,1.329439440E1,1.866390702E1
9.023885500E0,-5.021324508E0,1.265378749E1,9.030245726E0,1.633638196E1
9.033912500E0,-4.819111126E0,1.160875088E1,7.831827303E0,1.480960661E1
9.043939500E0,-1.551859805E0,9.119353784E0,3.346632536E0,9.837216661E0
9.053967500E0,-1.252893423E0,4.409930284E0,4.895625744E0,6.707039471E0
9.063994500E0,-3.487755963E0,-3.993420249E-1,9.485928597E0,1.011468028E1
9.074021500E0,-9.498018301E-1,-3.685414072E0,1.140646529E1,1.202463516E1
9.084049500E0,1.691904128E0,-6.203064918E0,1.278258177E1,1.430856214E1
9.094076500E0,2.491972214E0,-8.899003217E0,1.031520879E1,1.384939407E1
9.104103500E0,3.378014543E0,-1.142780178E1,3.901609900E0,1.253906677E1
9.114130500E0,6.094352900E0,-1.282982961E1,-7.164153628E0,1.590819796E1
9.124158500E0,3.318749211E0,-1.113956562E1,-5.144815364E0,1.271114250E1
9.134185500E0,1.484544758E0,-7.344322715E0,-3.943759847E-1,7.503231417E0
9.144212500E0,2.695487478E0,-3.167164823E0,1.473323074E0,4.412172554E0
9.154240500E0,3.622814950E0,4.107867801E-1,2.500897404E0,4.421314484E0
9.164267500E0,2.794493119E0,2.608352271E0,1.582287253E0,4.137188213E0
9.174294500E0,1.463835090E0,2.904567538E0,-1.104985764E0,3.435159282E0
9.184322500E0,5.062912537E-1,2.484854983E0,-1.315338178E0,2.856737587E0
9.194349500E0,-1.435231972E-1,2.077437369E0,-3.044852766E-1,2.104532303E0
9.204376500E0,-4.289300325E-1,2.548020700E0,4.318825109E-1,2.619716199E0
9.214403500E0,-9.831749596E-2,3.323395409E0,4.420788125E-1,3.354110471E0
9.224431500E0,2.942804235E-1,3.185753122E0,-3.670963848E-1,3.220308010E0
9.234458500E0,3.817324041E-1,2.509161859E0,-9.057851601E-1,2.694820888E0
9.244485500E0,3.596736369E-1,1.910853118E0,-1.195429399E0,2.282493420E0
9.254513500E0,6.849447419E-1,1.179485139E0,-1.864604566E0,2.310213124E0
9.264540500E0,1.208778958E0,4.333155173E-1,-1.932709426E0,2.320403980E0
9.274567500E0,1.693317254E0,-2.213217902E-1,-1.975526393E0,2.611323647E0
9.284595500E0,1.810801119E0,-2.779140669E-1,-1.845332143E0,2.600286069E0
9.294622500E0,1.659558354E0,3.440864217E-1,-1.457499193E0,2.235359769E0
9.304649500E0,1.526816765E0,1.195248063E0,-1.474872440E0,2.436192948E0
9.314677500E0,1.371594970E0,1.579996607E0,-1.647644799E0,2.663155163E0
9.324704500E0,1.254999298E0,1.753898063E0,-1.443433131E0,2.595126366E0
9.334731500E0,7.957507941E-1,1.104052548E0,-1.325592440E0,1.899828064E0
9.344758500E0,3.299336748E-1,1.893650025E-1,-1.438685777E0,1.488130403E0
9.354786500E0,-8.784111276E-2,1.551067507E-1,-1.930288678E0,1.938501624E0
9.364813500E0,-5.917124963E-1,3.323691863E-1,-1.950578517E0,2.065272259E0
9.374840500E0,-5.967871486E-1,9.690473557E-1,-1.343332307E0,1.760610509E0
9.384868500E0,3.813689996E-1,1.783125955E0,-1.576196501E0,2.410264694E0
9.394895500E0,9.903532939E-1,1.746639329E0,-1.834121277E0,2.719475951E0
9.404922500E0,7.956160158E-1,1.327003373E0,-1.935181044E0,2.477674004E0
9.414949500E0,5.500484535E-1,6.367313790E-1,-2.076412352E0,2.240417016E0
9.424977500E0,5.827355585E-1,1.855415082E-1,-1.998271916E0,2.089760042E0
9.435004500E0,7.115454800E-1,1.222646946E-1,-1.442038570E0,1.612675064E0
9.445031500E0,7.660915236E-1,1.989228612E-1,-6.075163507E-1,9.977688328E-1
9.455059500E0,7.910215661E-1,2.849465132E-2,-1.772060830E-2,7.917329620E-1
9.465086500E0,7.226540203E-1,-4.135899353E-1,-3.064210339E-1,8.872312651E-1
9.475113500E0,7.361366764E-1,-8.857730645E-1,-1.503160100E0,1.893668771E0
9.485141500E0,8.200660019E-1,-4.989750713E-1,-3.185299963E0,3.326803304E0
9.495168500E0,8.942592748E-1,-1.357840419E-1,-5.787415009E0,5.857670991E0
9.505195500E0,9.003242992E-1,-5.594732881E-1,-1.115771304E1,1.120795050E1
9.515222500E0,1.218091088E0,-1.454877886E0,-1.383848951E1,1.396797077E1
9.525250500E0,3.652770821E0,-3.466027710E0,-5.751079826E0,7.644017394E0
9.535277500E0,6.459275290E0,-5.240665262E0,-3.518450922E-1,8.325299071E0
9.545304500E0,8.058655416E0,-5.059721419E0,1.096569282E0,9.578370015E0
9.555332500E0,8.157410796E0,-5.724210116E0,2.102016724E0,1.018471436E1
9.565359500E0,6.672830223E0,-7.638319548E0,2.385191531E0,1.041919994E1
9.575386500E0,3.187709016E0,-8.463452893E0,2.784352877E0,9.462776791E0
9.585414500E0,-1.302131949E0,-8.502266711E0,3.550076172E0,9.305220452E0
9.595441500E0,-6.589867589E0,-7.798681777E0,4.373990958E0,1.110754650E1
9.605468500E0,-9.952527051E0,-5.687129998E0,5.112698947E0,1.255133191E1
9.615495500E0,-1.189216426E1,-3.154607928E0,-3.336189409E0,1.274775595E1
9.625523500E0,-1.317516266E1,-2.212053722E0,-8.713806109E0,1.595018839E1
9.635550500E0,-9.965252931E0,-3.178944039E0,-1.298106433E0,1.054025766E1
9.645577500E0,-6.177036622E0,-3.623644670E0,3.702100271E0,8.061769567E0
9.655605500E0,-2.858472767E0,-2.788443589E0,5.584676839E0,6.865486116E0
9.665632500E0,-2.624776734E-1,-1.276496294E0,5.553988312E0,5.704833345E0
9.675659500E0,7.917238167E-1,1.092941669E0,4.083387848E0,4.300628374E0
9.685687500E0,-2.227731788E-1,1.196021065E0,1.895082885E0,2.251984329E0
9.695714500E0,-3.158198703E0,-2.005136547E0,-3.923274127E-1,3.761477425E0
9.705741500E0,-4.700918725E0,-2.119719170E0,1.958451793E-1,5.160445868E0
9.715768500E0,-4.431601235E0,-3.654071242E-1,1.501046039E0,4.693160031E0
9.725796500E0,-3.116460108E0,4.857901847E-1,2.817747788E0,4.229422928E0
9.735823500E0,-2.035691611E0,1.806260464E0,4.366050731E0,5.144804776E0
9.745850500E0,-1.755702075E0,1.725743135E0,4.485028121E0,5.116263909E0
9.755879208E0,-1.671837800E0,1.106004349E0,4.103066360E0,4.566556778E0
9.765906208E0,-1.221016815E0,1.634368696E0,3.849677562E0,4.356840648E0
9.775933208E0,3.454260919E-1,3.439098943E0,3.458776870E0,4.889770768E0
9.785961208E0,-7.874160267E-1,6.724761685E0,4.324100175E0,8.033696910E0
9.795988208E0,-3.282684170E0,6.555291833E0,4.428705109E0,8.565120858E0
9.806015208E0,-3.312064674E0,3.929333596E0,2.640123702E0,5.777515736E0
9.816042208E0,-2.880663828E0,3.244787196E0,2.538503479E0,5.027013820E0
9.826070208E0,-2.829415614E0,3.422897478E0,3.043713729E0,5.383866002E0
9.836097208E0,-5.139523488E-1,6.824870110E-1,2.646907349E0,2.781376287E0
9.846124208E0,2.666527096E0,-4.468787772E0,1.951171424E0,5.557652457E0
9.856152208E0,3.197049066E0,-4.368772318E0,2.987586306E0,6.183281186E0
9.866179208E0,2.689838885E-1,-1.297521712E0,4.344883811E0,4.542458613E0
9.876206208E0,-3.795245539E0,4.026404393E-1,3.277505876E0,5.030710963E0
9.886234208E0,-4.529587997E0,-1.725464222E0,4.418021076E0,6.558452900E0
9.896261208E0,-9.017421028E-1,-5.504630211E0,3.444145090E0,6.555625674E0
9.906288208E0,2.526092764E0,-6.055247306E0,3.171756057E0,7.287468770E0
9.916315208E0,3.017000432E0,-5.343482702E0,3.067377995E0,6.860313896E0
9.926343208E0,2.957245981E0,-5.690992668E0,1.989831752E0,6.715067516E0
9.936370208E0,3.354035988E0,-6.274500936E0,9.466177288E-1,7.177395387E0
9.946397208E0,4.157489612E0,-6.807718472E0,-9.754322228E-1,8.036244066E0
9.956425208E0,4.174373447E0,-6.457125269E0,-3.747652420E0,8.553640106E0
9.966452208E0,2.897341549E0,-7.037770155E0,-8.013007958E0,1.105138423E1
9.976479208E0,3.161855552E-1,-9.319836098E0,-9.159286759E0,1.307103103E1
9.986507208E0,-1.107499774E0,-1.019003861E1,-4.364197749E0,1.114045173E1
9.996534208E0,-3.523866321E0,-9.022156688E0,4.887898064E-1,9.698240079E0
1.000656121E1,-5.754307489E0,-7.288488822E0,4.993319854E0,1.054359365E1
1.001658821E1,-5.101258285E0,-1.407591336E1,2.127097771E0,1.512212677E1
1.002661621E1,-9.227031430E0,-4.673980603E0,-8.855149099E-1,1.038115313E1
1.003664321E1,-7.254925219E0,-6.041968864E-1,-4.363796630E0,8.487739089E0
1.004667021E1,-1.821212379E0,-7.039641849E0,-6.320462390E0,9.634397579E0
1.005669821E1,-4.552714612E0,-3.274295754E0,-1.441350645E0,5.790139438E0
1.006672521E1,-1.066214280E1,-4.731465749E0,6.038295643E0,1.313503223E1
1.007675221E1,-6.021125295E0,-7.460784048E0,4.792114824E0,1.071828405E1
1.008678021E1,-5.224792410E0,-4.181377242E0,5.635687948E0,8.748905647E0
1.009680721E1,-8.450828170E0,-3.641067034E-1,-4.410574647E0,9.539509378E0
1.010683421E1,-7.278652636E0,-1.858081412E-1,-6.499718142E0,9.760104752E0
1.011686121E1,-1.038944036E1,-9.890389860E-2,1.500969733E0,1.049776944E1
1.012688921E1,-1.288756034E1,4.548016959E-1,-1.205913384E0,1.295184478E1
1.013691621E1,-7.284973476E0,2.008128567E0,-2.811447705E0,8.062732607E0
1.014694321E1,-3.510778790E0,2.204403809E0,-7.910505098E-1,4.220275438E0
1.015697121E1,1.882036870E0,4.157834013E0,7.678895424E-1,4.628099049E0
1.016699821E1,7.036209533E0,7.118282222E0,-4.009143412E-1,1.001693160E1
1.017702521E1,9.919721832E0,7.133803656E0,-2.183481887E-1,1.222046283E1
1.018705221E1,1.198281715E1,6.250543724E0,-1.095455972E0,1.355939628E1
1.019708021E1,1.262797904E1,5.609081363E0,2.430102825E-3,1.381765734E1
1.020710721E1,1.159602968E1,5.672669249E0,1.552703851E0,1.300222943E1
1.021713421E1,1.106445697E1,5.762480142E0,2.718445694E0,1.276786327E1
1.022716221E1,1.104699484E1,6.451717179E0,4.715426837E0,1.363436833E1
1.023718921E1,1.259437393E1,6.536517593E0,7.017407227E0,1.582998171E1
1.024721621E1,1.468106744E1,5.637628055E0,9.488894890E0,1.836724578E1
1.025724421E1,1.512856304E1,4.257520854E0,1.127342125E1,1.934140456E1
1.026727121E1,1.343338622E1,3.515615022E0,1.216036551E1,1.845778708E1
1.027729821E1,1.083206055E1,3.865181454E0,1.161331288E1,1.634448530E1
1.028732621E1,8.347878583E0,2.916749042E0,1.043244780E1,1.367590834E1
1.029735321E1,5.324888556E0,8.655972469E-1,8.834511352E0,1.035143891E1
1.030738021E1,1.619274108E0,-1.752074901E0,7.563059451E0,7.930427691E0
1.031740721E1,-2.278357639E0,-4.060960560E0,7.541781433E0,8.863452002E0
1.032743521E1,-6.046790478E0,-4.079056816E0,7.319741020E0,1.033348867E1
1.033746221E1,-7.171658530E0,-2.730772209E0,6.229815345E0,9.884351377E0
1.034748921E1,-6.392887173E0,-2.555730253E0,4.784009414E0,8.383764644E0
1.035751721E1,-5.321993600E0,-3.538423256E0,3.129671892E0,7.116101543E0
1.036754421E1,-4.653341686E0,-4.263868006E0,1.455531020E0,6.477092694E0
1.037757121E1,-4.125272916E0,-4.759018414E0,-2.659921789E-1,6.303719912E0
1.038759821E1,-4.466036072E0,-4.796386215E0,-1.664650256E0,6.761794096E0
1.039762621E1,-4.844812563E0,-4.898450826E0,-2.759162487E0,7.421590591E0
1.040765321E1,-5.048256199E0,-5.244805090E0,-3.697031320E0,8.164613381E0
1.041768021E1,-4.425336528E0,-5.618220561E0,-4.318677467E0,8.354578429E0
1.042770821E1,-3.495712562E0,-5.742777364E0,-4.333707735E0,7.998782464E0
1.043773521E1,-3.416646804E0,-5.488525225E0,-4.291417748E0,7.759745538E0
1.044776221E1,-3.624051929E0,-5.562892452E0,-3.932011621E0,7.716232255E0
1.045779021E1,-2.757604204E0,-5.769855820E0,-2.997218424E0,7.062502065E0
1.046781721E1,-1.820314539E0,-5.687146370E0,-2.252926344E0,6.382229701E0
1.047784421E1,-5.796646008E-1,-5.715336381E0,-1.738958427E0,6.002087754E0
1.048787121E1,5.336221629E-1,-5.822661440E0,-1.669884099E0,6.080843014E0
1.049789921E1,1.142613766E0,-5.876189775E0,-2.425846052E0,6.459094485E0
1.050792621E1,2.958464833E0,-6.612265348E0,-3.007774987E0,7.843550062E0
1.051795321E1,5.232462788E0,-7.140791663E0,-1.998350269E0,9.075405015E0
1.052798121E1,9.044703552E0,-7.907215455E0,2.571400791E0,1.228587891E1
1.053800821E1,8.579900193E-1,-4.721162370E0,-1.995685692E0,5.196949334E0
1.054803521E1,9.174974254E-1,-3.177536030E0,-3.769173682E-1,3.328754038E0
1.055806321E1,3.588844089E0,-2.056320734E0,1.233801679E0,4.316309007E0
1.056809021E1,-1.637761250E-1,-2.245675796E0,-1.892182374E0,2.941128446E0
1.057811721E1,-4.984192935E-1,-3.430726900E0,-2.627334672E0,4.349850150E0
1.058814421E1,-7.644801772E-1,-3.878828271E0,-2.769582810E0,4.827041293E0
1.059817221E1,-2.101021236E0,-3.378658614E0,-2.840994270E0,4.888851880E0
1.060819921E1,-1.886674297E0,-2.330639348E0,-2.186913033E0,3.711335108E0
1.061822621E1,-4.276729542E-1,-2.448059040E0,-1.523591441E0,2.915000531E0
1.062825421E1,7.966676375E-1,-3.229455212E0,-1.301459227E0,3.571814162E0
1.063828121E1,2.607457647E0,-3.737716246E0,-8.101311439E-1,4.628787162E0
1.064830821E1,3.583664041E0,-3.267225886E0,-2.100349098E-1,4.854021798E0
1.065833621E1,3.318600985E0,-2.845355709E0,-3.648107082E-1,4.386598734E0
1.066836321E1,2.021435953E0,-2.813873715E0,-9.912433863E-1,3.603699772E0
1.067839021E1,8.769247654E-1,-3.027936187E0,-1.363981165E0,3.434798278E0
1.068841721E1,5.383543146E-1,-3.082971935E0,-1.056369674E0,3.303098274E0
1.069844521E1,3.329591703E-1,-2.642014107E0,-5.056286180E-1,2.710490850E0
1.070847221E1,2.198564780E-1,-2.130303800E0,-4.359648907E-1,2.185542618E0
1.071849921E1,1.251032254E-1,-1.810341820E0,-1.145019311E0,2.145706770E0
1.072852721E1,-8.795381784E-2,-1.570322388E0,-1.936335869E0,2.494603150E0
1.073855421E1,-5.143210888E-3,-1.338711838E0,-1.934571179E0,2.352603129E0
1.074858121E1,3.661900663E-1,-1.138397924E0,-1.475190529E0,1.899008187E0
1.075860883E1,2.700007376E-1,-1.018762137E0,-1.093340449E0,1.518607925E0
1.076863583E1,-1.958638903E-1,-9.720218343E-1,-6.821519655E-1,1.203544936E0
1.077866283E1,-5.319931287E-1,-8.233288944E-1,-4.131701052E-1,1.063765337E0
1.078868983E1,-3.715598568E-1,-7.345693302E-1,-2.840951586E-1,8.708380373E-1
1.079871783E1,-1.066368413E-1,-7.535324353E-1,-3.800929910E-1,8.506780994E-1
1.080874483E1,1.359682292E-2,-7.441073084E-1,-5.266739166E-1,9.117378869E-1
1.081877183E1,1.815425974E-1,-7.574401295E-1,-6.004868281E-1,9.834926005E-1
1.082879983E1,3.091034076E-1,-7.243542445E-1,-3.364084429E-1,8.563904650E-1
1.083882683E1,5.992782086E-2,-6.739763886E-1,-1.358822751E-1,6.901445564E-1
1.084885383E1,-1.303601646E-1,-6.707428783E-1,-3.507183337E-1,7.680450058E-1
1.085888083E1,8.890983760E-3,-5.931608516E-1,-7.062816703E-1,9.223625336E-1
1.086890883E1,2.471202904E-1,-4.740986770E-1,-1.053060150E0,1.181005365E0
1.087893583E1,2.845085567E-1,-3.968037486E-1,-9.888191307E-1,1.102797174E0
1.088896283E1,2.554315227E-1,-4.537421805E-1,-4.205481219E-1,6.693190211E-1
1.089899083E1,4.545590365E-1,-5.493032259E-1,3.232878757E-1,7.828620582E-1
1.090901783E1,5.973866343E-1,-3.890731448E-1,5.496289158E-1,9.001892290E-1
1.091904483E1,6.498548698E-1,-2.934068495E-1,4.446339726E-1,8.402965553E-1
1.092907283E1,9.615480092E-1,-2.447802347E-1,3.011421311E-1,1.036908154E0
1.093909983E1,1.277007925E0,-2.196734601E-1,-3.279738343E-1,1.336627287E0
1.094912683E1,9.672113299E-1,-3.408166587E-2,-1.424498677E0,1.722166019E0
1.095915383E1,3.899625063E-1,1.915933764E-1,-1.103190669E0,1.185667926E0
1.096918183E1,1.713555783E-1,6.752773941E-2,-6.025432938E-1,6.300644021E-1
1.097920883E1,-1.219568387E-2,2.021873617E-1,8.876833498E-1,9.104999690E-1
1.098923583E1,-4.401143673E-1,4.202709639E-1,1.364324981E0,1.493891225E0
1.099926383E1,-4.329239000E-1,4.281986189E-1,1.004090889E0,1.174297949E0